,report_year,agency_code,agency_jurisdiction,population,violent_crimes,homicides,rapes,assaults,robberies,months_reported,crimes_percapita,homicides_percapita,rapes_percapita,assaults_percapita,robberies_percapita,state,0bed,1bed,2bed,3bed,4bed,Mean_Rent,Unemployment Rate %,Median Income
0,2005,NM00101,Albuquerque,490631,4670,53,285,3182,1150,12,951.84,10.8,58.09,648.55,234.39,NM,470,553,699,1017,1224,792.6,5.1,38947
1,2005,TX22001,Arlington,365380,2369,24,178,1399,768,12,648.37,6.57,48.72,382.89,210.19,TX,558,597,732,995,1125,801.4,5.4,41422
2,2005,GAAPD00,Atlanta,430666,7213,90,223,4039,2861,12,1674.85,20.9,51.78,937.85,664.32,GA,769,834,928,1150,1295,995.2,5.3,45926
3,2005,TX22701,Austin,693019,3393,26,312,1873,1182,12,489.6,3.75,45.02,270.27,170.56,TX,656,747,912,1240,1435,998,5.4,41422
4,2005,MDBPD00,Baltimore,641097,11248,269,162,6907,3910,12,1754.49,41.96,25.27,1077.37,609.89,MD,662,750,900,1155,1428,979,4.1,60512
5,2005,MA01301,Boston,567589,7479,73,268,4489,2649,12,1317.68,12.86,47.22,790.89,466.71,MA,1066,1120,1308,1593,1898,1397,4.8,56017
6,2005,NY01401,Buffalo,283269,3938,56,184,2031,1667,12,1390.2,19.77,64.96,716.99,588.49,NY,538,542,648,806,899,686.6,5,47176
7,2005,NC06001,Charlotte,677122,7933,85,323,3876,3649,12,1171.58,12.55,47.7,572.42,538.9,NC,642,695,773,986,1209,861,5.2,42056
8,2005,ILCPD00,Chicago,2873441,36050,448,1695,17943,15964,12,1254.59,15.59,58.99,624.44,555.57,IL,693,803,906,1100,1266,953.6,5.7,48398
9,2005,OHCLP00,Cleveland,458885,6430,110,488,2088,3744,12,1401.22,23.97,106.34,455.02,815.89,OH,508,578,703,916,980,737,5.9,44203
10,2005,OHCOP00,Columbus,730329,6203,103,557,1733,3810,12,849.34,14.1,76.27,237.29,521.68,OH,470,543,683,865,989,710,5.9,44203
11,2005,TXDPD00,Dallas,1230303,15429,202,562,7783,6882,12,1254.08,16.42,45.68,632.61,559.37,TX,633,713,868,1147,1412,954.6,5.4,41422
12,2005,CODPD00,Denver,564552,4446,59,316,2642,1429,12,787.53,10.45,55.97,467.98,253.12,CO,674,768,973,1382,1612,1081.8,5,50449
13,2005,MI82349,Detroit,900932,21274,373,590,13485,6826,12,2361.33,41.4,65.49,1496.78,757.66,MI,606,670,805,962,992,807,6.8,45933
14,2005,TX07102,El Paso,601839,2621,14,301,1858,448,12,435.5,2.33,50.01,308.72,74.44,TX,458,494,584,845,989,674,5.4,41422
15,2005,TX22012,Fort Worth,613261,3920,60,311,2170,1379,12,639.21,9.78,50.71,353.85,224.86,TX,558,597,732,995,1125,801.4,5.4,41422
16,2005,CA01005,Fresno,460758,3897,49,149,2424,1275,12,845.78,10.63,32.34,526.09,276.72,CA,504,556,650,947,1062,743.8,5.4,51755
17,2005,HI00200,Honolulu,908521,2570,15,234,1480,841,12,282.88,1.65,25.76,162.9,92.57,HI,711,848,1024,1492,1759,1166.8,2.9,59586
18,2005,TXHPD00,Houston,2045732,23987,334,872,11653,11128,12,1172.54,16.33,42.63,569.62,543.96,TX,589,657,801,1071,1347,893,5.4,41422
19,2005,INIPD00,Indianapolis,800304,7948,108,527,4039,3274,12,993.12,13.49,65.85,504.68,409.09,IN,507,584,702,908,981,736.4,5.5,42437
20,2005,FL01602,Jacksonville,795259,6600,91,189,4067,2253,12,829.92,11.44,23.77,511.41,283.3,FL,571,638,749,961,1127,809.2,3.7,42990
21,2005,CA01942,Los Angeles,3871077,31767,489,1105,16376,13797,12,820.62,12.63,28.55,423.03,356.41,CA,784,945,1186,1614,1990,1303.8,5.4,51755
22,2005,AZ00717,Mesa,452340,2280,29,194,1597,460,12,504.05,6.41,42.89,353.05,101.69,AZ,578,677,817,1190,1420,936.4,4.7,45245
23,2005,FL01306,Miami,388295,6134,54,62,3999,2019,12,1579.73,13.91,15.97,1029.89,519.97,FL,682,775,929,1204,1419,1001.8,3.7,42990
24,2005,WIMPD00,Milwaukee,586500,6027,121,158,2811,2937,12,1027.62,20.63,26.94,479.28,500.77,WI,519,619,737,931,958,752.8,4.7,44650
25,2005,MN02711,Minneapolis,376277,5472,47,402,2439,2584,12,1454.25,12.49,106.84,648.19,686.73,MN,651,763,928,1229,1386,991.4,4.1,54215
26,2005,TN01901,Nashville,557034,8982,95,344,6103,2440,12,1612.47,17.05,61.76,1095.62,438.03,TN,572,638,740,986,1090,805.2,5.6,39406
27,2005,LANPD00,New Orleans,463072,2090,138,89,1107,756,6,451.33,29.8,19.22,239.06,163.26,LA,545,602,711,926,1006,758,7.2,37236
28,2005,NY03030,New York,8115690,54623,539,1412,27950,24722,12,673.05,6.64,17.4,344.39,304.62,NY,916,988,1102,1379,1428,1162.6,5,47176
29,2005,NJNPD00,Newark,281063,2821,97,83,1391,1250,12,1003.69,34.51,29.53,494.91,444.74,NJ,735,891,1020,1242,1403,1058.2,4.5,63368
30,2005,CA00109,Oakland,400619,5692,93,306,2621,2672,12,1420.8,23.21,76.38,654.24,666.97,CA,945,1132,1342,1870,2293,1516.4,5.4,51755
31,2005,OK05506,Oklahoma City,531688,4538,54,358,2933,1193,12,853.51,10.16,67.33,551.64,224.38,OK,439,476,581,801,915,642.4,4.5,37645
32,2005,FL04804,Orlando,210290,3801,22,165,2410,1204,12,1807.5,10.46,78.46,1146.04,572.54,FL,714,777,885,1114,1365,971,3.7,42990
33,2005,AZ00723,Phoenix,1466296,10691,220,533,5701,4237,12,729.12,15,36.35,388.8,288.96,AZ,578,677,817,1190,1420,936.4,4.7,45245
34,2005,PAPPD00,Pittsburgh,330780,3385,63,117,1588,1617,12,1023.34,19.05,35.37,480.08,488.84,PA,525,574,694,882,937,722.4,5,46300
35,2005,OR02602,Portland,540389,3858,20,325,2376,1137,12,713.93,3.7,60.14,439.68,210.4,OR,555,643,739,1076,1297,862,6.2,44159
36,2005,NC09201,Raleigh,332084,2050,19,88,1181,762,12,617.31,5.72,26.5,355.63,229.46,NC,636,740,829,1097,1249,910.2,5.2,42056
37,2005,CA03404,Sacramento,457347,5265,52,170,3025,2018,12,1151.2,11.37,37.17,661.42,441.24,CA,707,812,971,1403,1639,1106.4,5.4,51755
38,2005,UT01803,Salt Lake City,184627,1301,9,76,797,419,12,704.66,4.87,41.16,431.68,226.94,UT,570,634,747,1052,1225,845.6,4.1,54813
39,2005,TXSPD00,San Antonio,1256584,8007,86,593,5174,2154,12,637.2,6.84,47.19,411.75,171.42,TX,519,574,716,957,1139,781,5.4,41422
40,2005,CA03711,San Diego,1272148,6603,51,376,4314,1862,12,519.04,4.01,29.56,339.11,146.37,CA,854,975,1183,1725,2080,1363.4,5.4,51755
41,2005,CA03801,San Francisco,749172,5985,96,172,2639,3078,12,798.88,12.81,22.96,352.26,410.85,CA,1065,1305,1638,2172,2334,1702.8,5.4,51755
42,2005,CA04313,San Jose,910528,3492,26,263,2319,884,12,383.51,2.86,28.88,254.69,97.09,CA,942,1107,1313,1779,1958,1419.8,5.4,51755
43,2005,WASPD00,Seattle,579215,4109,25,138,2339,1607,12,709.41,4.32,23.83,403.82,277.44,WA,654,745,894,1271,1569,1026.6,5.6,50646
44,2005,FL02902,Tampa,329035,4707,20,210,3317,1160,12,1430.55,6.08,63.82,1008.1,352.55,FL,597,669,805,1037,1264,874.4,3.7,42990
45,2005,AZ01003,Tucson,529447,5048,55,378,2930,1685,12,953.45,10.39,71.4,553.41,318.26,AZ,497,584,761,1102,1237,836.2,4.7,45245
46,2005,OK07205,Tulsa,386414,4995,58,303,3538,1096,12,1292.66,15.01,78.41,915.6,283.63,OK,469,509,640,857,930,681,4.5,37645
47,2005,DCMPD00,Washington,550521,7716,195,165,3854,3502,12,1401.58,35.42,29.97,700.06,636.12,DC,915,1045,1187,1537,2000,1336.8,6.4,44993
48,2005,KS08703,"Wichita, KS",355011,2644,12,186,1950,496,12,744.77,3.38,52.39,549.28,139.71,KS,429,481,624,806,908,649.6,5,42027
49,2006,NM00101,Albuquerque,500955,4550,34,286,3059,1171,12,908.27,6.79,57.09,610.63,233.75,NM,485,571,721,1050,1259,817.2,4.2,40028
50,2006,TX22001,Arlington,373086,2728,14,192,1632,890,12,731.2,3.75,51.46,437.43,238.55,TX,550,589,725,983,1105,790.4,4.9,43307
51,2006,GAAPD00,Atlanta,485804,7548,110,171,4308,2959,12,1553.71,22.64,35.2,886.78,609.09,GA,677,735,818,1014,1136,876,4.7,49344
52,2006,CO00101,Aurora,302855,1857,18,217,1022,600,12,613.16,5.94,71.65,337.46,198.11,CO,616,702,889,1262,1471,988,4.3,55697
53,2006,TX22701,Austin,709813,3658,20,319,1961,1358,12,515.35,2.82,44.94,276.27,191.32,TX,578,658,804,1093,1265,879.6,4.9,43307
54,2006,MDBPD00,Baltimore,637556,10816,276,138,6173,4229,12,1696.48,43.29,21.65,968.23,663.31,MD,700,791,950,1220,1507,1033.6,3.9,63668
55,2006,MA01301,Boston,562393,7533,75,275,4485,2698,12,1339.45,13.34,48.9,797.49,479.74,MA,1154,1226,1434,1765,2061,1528,4.9,55330
56,2006,NY01401,Buffalo,280494,3957,74,174,2001,1708,12,1410.73,26.38,62.03,713.38,608.93,NY,519,523,625,778,867,662.4,4.5,48222
57,2006,NC06001,Charlotte,699398,7532,83,346,3896,3207,12,1076.93,11.87,49.47,557.05,458.54,NC,593,644,714,915,1145,802.2,4.7,39797
58,2006,ILCPD00,Chicago,2857796,35363,468,1587,17445,15863,12,1237.42,16.38,55.53,610.44,555.08,IL,701,802,901,1102,1244,950,4.5,48671
59,2006,OHCLP00,Cleveland,452759,7030,77,455,2201,4297,12,1552.7,17.01,100.49,486.13,949.07,OH,524,598,728,954,1025,765.8,5.4,45900
60,2006,OHCOP00,Columbus,731547,5952,85,598,1615,3654,12,813.62,11.62,81.74,220.77,499.49,OH,480,553,695,879,993,720,5.4,45900
61,2006,TXDPD00,Dallas,1248223,15058,187,665,7292,6914,12,1206.35,14.98,53.28,584.19,553.91,TX,575,640,777,1031,1249,854.4,4.9,43307
62,2006,CODPD00,Denver,568465,4324,51,342,2651,1280,12,760.64,8.97,60.16,466.34,225.17,CO,616,702,889,1262,1471,988,4.3,55697
63,2006,MI82349,Detroit,884462,21391,421,592,13143,7235,12,2418.53,47.6,66.93,1485.99,818.01,MI,619,686,826,986,1017,826.8,7,48647
64,2006,TX07102,El Paso,615553,2422,13,300,1606,503,12,393.47,2.11,48.74,260.9,81.72,TX,472,508,601,871,1017,693.8,4.9,43307
65,2006,TX22012,Fort Worth,641752,4219,50,251,2499,1419,12,657.42,7.79,39.11,389.4,221.11,TX,550,589,725,983,1105,790.4,4.9,43307
66,2006,CA01005,Fresno,465269,3524,52,133,2057,1282,12,757.41,11.18,28.59,442.11,275.54,CA,574,635,734,1067,1221,846.2,4.9,55319
67,2006,HI00200,Honolulu,912693,2745,17,229,1543,956,12,300.76,1.86,25.09,169.06,104.74,HI,836,997,1205,1757,2069,1372.8,2.6,60470
68,2006,TXHPD00,Houston,2073729,24250,377,854,11648,11371,12,1169.39,18.18,41.18,561.69,548.34,TX,551,612,743,990,1245,828.2,4.9,43307
69,2006,INIPD00,Indianapolis,800969,7689,140,549,3751,3249,12,959.96,17.48,68.54,468.31,405.63,IN,519,603,720,935,1007,756.8,5,45407
70,2006,FL01602,Jacksonville,795822,6663,110,218,4031,2304,12,837.25,13.82,27.39,506.52,289.51,FL,617,688,806,1028,1196,867,3.2,45676
71,2006,NV00201,Las Vegas,1315625,12931,152,718,6680,5381,12,982.88,11.55,54.57,507.74,409.01,NV,622,728,861,1195,1453,971.8,4,52282
72,2006,CA01942,Los Angeles,3879455,30526,480,1059,14634,14353,12,786.86,12.37,27.3,377.22,369.97,CA,848,1025,1285,1751,2156,1413,4.9,55319
73,2006,AZ00717,Mesa,459705,2084,26,203,1347,508,12,453.33,5.66,44.16,293.01,110.51,AZ,544,638,770,1122,1338,882.4,4.2,46657
74,2006,FL01306,Miami,392934,5931,77,101,3642,2111,12,1509.41,19.6,25.7,926.87,537.24,FL,702,805,967,1305,1497,1055.2,3.2,45676
75,2006,WIMPD00,Milwaukee,581005,7802,103,220,3873,3606,12,1342.85,17.73,37.87,666.6,620.65,WI,496,591,706,890,916,719.8,4.7,51692
76,2006,MN02711,Minneapolis,375302,6374,57,453,2836,3028,12,1698.37,15.19,120.7,755.66,806.82,MN,619,725,882,1168,1318,942.4,4,56211
77,2006,TN01901,Nashville,560813,8565,80,320,5740,2425,12,1527.25,14.27,57.06,1023.51,432.41,TN,551,615,708,935,1001,762,5.2,40693
78,2006,LANPD00,New Orleans,431153,2255,162,87,1245,761,12,523.02,37.57,20.18,288.76,176.5,LA,769,855,1009,1315,1426,1074.8,4.5,36488
79,2006,NJNPD00,Newark,280877,2839,105,87,1359,1288,12,1010.76,37.38,30.97,483.84,458.56,NJ,767,937,1070,1300,1495,1113.8,4.7,68059
80,2006,CA00109,Oakland,398834,7599,145,306,3614,3534,12,1905.3,36.36,76.72,906.14,886.08,CA,943,1130,1339,1865,2288,1513,4.9,55319
81,2006,OK05506,Oklahoma City,536016,4301,55,327,2740,1179,12,802.4,10.26,61.01,511.18,219.96,OK,432,468,571,786,891,629.6,4,38838
82,2006,FL04804,Orlando,216819,4300,49,163,2560,1528,12,1983.22,22.6,75.18,1180.71,704.74,FL,671,730,831,1048,1281,912.2,3.2,45676
83,2006,AZ00723,Phoenix,1517443,11195,235,550,6047,4363,12,737.75,15.49,36.25,398.5,287.52,AZ,544,638,770,1122,1338,882.4,4.2,46657
84,2006,PAPPD00,Pittsburgh,324604,3473,56,102,1593,1722,12,1069.92,17.25,31.42,490.75,530.49,PA,584,636,767,971,1038,799.2,4.6,48477
85,2006,OR02602,Portland,542174,3872,20,293,2262,1297,12,714.16,3.69,54.04,417.21,239.22,OR,569,661,758,1103,1330,884.2,5.3,47091
86,2006,NC09201,Raleigh,348345,2223,19,97,1325,782,12,638.16,5.45,27.85,380.37,224.49,NC,707,779,867,1124,1266,948.6,4.7,39797
87,2006,CA03404,Sacramento,460552,5556,57,196,3115,2188,12,1206.38,12.38,42.56,676.36,475.08,CA,742,846,1008,1469,1712,1155.4,4.9,55319
88,2006,UT01803,Salt Lake City,183901,1504,8,95,893,508,12,817.83,4.35,51.66,485.59,276.24,UT,554,609,721,1031,1206,824.2,3,54628
89,2006,TXSPD00,San Antonio,1292116,7977,119,514,5023,2321,12,617.36,9.21,39.78,388.74,179.63,TX,534,590,732,975,1173,800.8,4.9,43307
90,2006,CA03711,San Diego,1266847,6391,68,348,3811,2164,12,504.48,5.37,27.47,300.83,170.82,CA,836,954,1158,1688,2036,1334.4,4.9,55319
91,2006,CA03801,San Francisco,746085,6533,86,154,2435,3858,12,875.64,11.53,20.64,326.37,517.1,CA,1095,1343,1685,2236,2401,1752,4.9,55319
92,2006,CA04313,San Jose,920548,3561,29,217,2285,1030,12,386.83,3.15,23.57,248.22,111.89,CA,939,1103,1302,1870,2051,1453,4.9,55319
93,2006,WASPD00,Seattle,583772,4152,30,129,2326,1667,12,711.24,5.14,22.1,398.44,285.56,WA,648,739,890,1268,1563,1021.6,5,54723
94,2006,FL02902,Tampa,331487,3839,25,133,2470,1211,12,1158.11,7.54,40.12,745.13,365.32,FL,622,696,838,1079,1316,910.2,3.2,45676
95,2006,AZ01003,Tucson,535232,4580,51,294,2560,1675,12,855.7,9.53,54.93,478.3,312.95,AZ,486,571,746,1076,1209,817.6,4.2,46657
96,2006,OK07205,Tulsa,385834,4816,53,289,3477,997,12,1248.21,13.74,74.9,901.16,258.4,OK,481,520,648,866,946,692.2,4,38838
97,2006,DCMPD00,Washington,581530,8408,169,182,4453,3604,12,1445.84,29.06,31.3,765.74,619.74,DC,948,1080,1225,1580,2068,1380.2,5.8,48477
98,2006,KS08703,"Wichita, KS",357372,3325,26,245,2534,520,12,930.4,7.28,68.56,709.07,145.51,KS,439,492,635,816,930,662.4,4.4,45552
99,2007,NM00101,Albuquerque,513124,5080,47,307,3287,1439,12,990.01,9.16,59.83,640.59,280.44,NM,485,571,721,1050,1259,817.2,3.8,44356
100,2007,TX22001,Arlington,372073,2588,13,156,1677,742,12,695.56,3.49,41.93,450.72,199.42,TX,550,589,725,983,1105,790.4,4.3,46053
101,2007,GAAPD00,Atlanta,497290,8075,129,148,4221,3577,12,1623.8,25.94,29.76,848.8,719.3,GA,677,735,818,1014,1136,876,4.5,48641
102,2007,CO00101,Aurora,307621,1685,14,191,896,584,12,547.75,4.55,62.09,291.27,189.84,CO,616,702,889,1262,1471,988,3.7,61141
103,2007,TX22701,Austin,716817,3871,30,328,2056,1457,12,540.03,4.19,45.76,286.82,203.26,TX,578,658,804,1093,1265,879.6,4.3,46053
104,2007,MDBPD00,Baltimore,624237,10182,282,146,5859,3895,12,1631.11,45.18,23.39,938.59,623.96,MD,700,791,950,1220,1507,1033.6,3.5,65630
105,2007,MA01301,Boston,591855,6837,65,263,4267,2242,12,1155.18,10.98,44.44,720.95,378.81,MA,1154,1226,1434,1765,2061,1528,4.6,58463
106,2007,NY01401,Buffalo,273832,3490,54,164,1739,1533,12,1274.5,19.72,59.89,635.06,559.83,NY,519,523,625,778,867,662.4,4.6,48944
107,2007,NC06001,Charlotte,733291,7233,76,282,3684,3191,12,986.38,10.36,38.46,502.39,435.16,NC,593,644,714,915,1145,802.2,4.7,43513
108,2007,ILCPD00,Chicago,2824434,34936,443,1644,17424,15425,12,1236.92,15.68,58.21,616.9,546.13,IL,701,802,901,1102,1244,950,5,52506
109,2007,OHCLP00,Cleveland,439888,6460,90,385,1960,4025,12,1468.56,20.46,87.52,445.57,915.01,OH,524,598,728,954,1025,765.8,5.6,49099
110,2007,OHCOP00,Columbus,735981,6302,79,683,1685,3855,12,856.27,10.73,92.8,228.95,523.79,OH,480,553,695,879,993,720,5.6,49099
111,2007,TXDPD00,Dallas,1239104,13248,200,511,5315,7222,12,1069.16,16.14,41.24,428.94,582.84,TX,575,640,777,1031,1249,854.4,4.3,46053
112,2007,CODPD00,Denver,573387,3528,47,294,2148,1039,12,615.29,8.2,51.27,374.62,181.2,CO,616,702,889,1262,1471,988,3.7,61141
113,2007,MI82349,Detroit,860971,19690,392,335,12396,6567,12,2286.95,45.53,38.91,1439.77,762.74,MI,619,686,826,986,1017,826.8,7,49370
114,2007,TX07102,El Paso,616029,2574,17,258,1827,472,12,417.84,2.76,41.88,296.58,76.62,TX,472,508,601,871,1017,693.8,4.3,46053
115,2007,TX22012,Fort Worth,670693,4477,58,336,2460,1623,12,667.52,8.65,50.1,366.78,241.99,TX,550,589,725,983,1105,790.4,4.3,46053
116,2007,CA01005,Fresno,472170,3043,52,99,1788,1104,12,644.47,11.01,20.97,378.68,233.81,CA,574,635,734,1067,1221,846.2,5.4,55734
117,2007,HI00200,Honolulu,905903,2613,19,226,1425,943,12,288.44,2.1,24.95,157.3,104.1,HI,836,997,1205,1757,2069,1372.8,2.8,64022
118,2007,TXHPD00,Houston,2169544,24564,351,694,12040,11479,12,1132.22,16.18,31.99,554.96,529.1,TX,551,612,743,990,1245,828.2,4.3,46053
119,2007,INIPD00,Indianapolis,797268,9841,114,505,5176,4046,12,1234.34,14.3,63.34,649.22,507.48,IN,519,603,720,935,1007,756.8,4.6,47453
120,2007,FL01602,Jacksonville,797350,8146,123,249,4660,3114,12,1021.63,15.43,31.23,584.44,390.54,FL,617,688,806,1028,1196,867,4,45794
121,2007,NV00201,Las Vegas,1341156,13641,119,723,7548,5251,12,1017.11,8.87,53.91,562.8,391.53,NV,622,728,861,1195,1453,971.8,4.5,54058
122,2007,CA01942,Los Angeles,3870487,27806,395,1004,12926,13481,12,718.41,10.21,25.94,333.96,348.3,CA,848,1025,1285,1751,2156,1413,5.4,55734
123,2007,AZ00717,Mesa,454576,2224,22,175,1407,620,12,489.25,4.84,38.5,309.52,136.39,AZ,544,638,770,1122,1338,882.4,3.9,47215
124,2007,FL01306,Miami,410252,6119,78,57,3447,2537,12,1491.52,19.01,13.89,840.22,618.4,FL,702,805,967,1305,1497,1055.2,4,45794
125,2007,WIMPD00,Milwaukee,572938,8057,105,236,4181,3535,12,1406.26,18.33,41.19,729.75,617,WI,496,591,706,890,916,719.8,4.9,51277
126,2007,MN02711,Minneapolis,371240,5580,47,452,2561,2520,12,1503.07,12.66,121.75,689.85,678.81,MN,619,725,882,1168,1318,942.4,4.6,58058
127,2007,TN01901,Nashville,564169,8513,73,290,5634,2516,12,1508.95,12.94,51.4,998.64,445.97,TN,551,615,708,935,1001,762,4.7,41195
128,2007,LANPD00,New Orleans,220614,3451,209,115,1973,1154,12,1564.27,94.74,52.13,894.32,523.09,LA,769,855,1009,1315,1426,1074.8,4.3,41313
129,2007,NJNPD00,Newark,280158,2415,104,60,1147,1104,12,862.01,37.12,21.42,409.41,394.06,NJ,767,937,1070,1300,1495,1113.8,4.3,60508
130,2007,CA00109,Oakland,396541,7605,120,299,3716,3470,12,1917.83,30.26,75.4,937.1,875.07,CA,943,1130,1339,1865,2288,1513,5.4,55734
131,2007,OK05506,Oklahoma City,542199,4612,58,326,2831,1397,12,850.61,10.7,60.13,522.13,257.65,OK,432,468,571,786,891,629.6,4.1,43216
132,2007,FL04804,Orlando,224417,4269,39,162,2534,1534,12,1902.26,17.38,72.19,1129.15,683.55,FL,671,730,831,1048,1281,912.2,4,45794
133,2007,AZ00723,Phoenix,1541698,11158,212,509,5495,4942,12,723.75,13.75,33.02,356.43,320.56,AZ,544,638,770,1122,1338,882.4,3.9,47215
134,2007,PAPPD00,Pittsburgh,312179,3455,52,129,1678,1596,12,1106.74,16.66,41.32,537.51,511.25,PA,584,636,767,971,1038,799.2,4.4,48437
135,2007,OR02602,Portland,538133,3701,22,280,2110,1289,12,687.75,4.09,52.03,392.1,239.53,OR,569,661,758,1103,1330,884.2,5.2,50236
136,2007,NC09201,Raleigh,367120,2098,23,99,1141,835,12,571.48,6.26,26.97,310.8,227.45,NC,707,779,867,1124,1266,948.6,4.7,43513
137,2007,CA03404,Sacramento,460546,5128,44,194,2881,2009,12,1113.46,9.55,42.12,625.56,436.22,CA,742,846,1008,1469,1712,1155.4,5.4,55734
138,2007,UT01803,Salt Lake City,178449,1504,17,115,868,504,12,842.82,9.53,64.44,486.41,282.43,UT,554,609,721,1031,1206,824.2,2.6,53529
139,2007,TXSPD00,San Antonio,1316882,7327,122,635,4125,2445,12,556.39,9.26,48.22,313.24,185.67,TX,534,590,732,975,1173,800.8,4.3,46053
140,2007,CA03711,San Diego,1261196,6332,59,296,3882,2095,12,502.06,4.68,23.47,307.8,166.11,CA,836,954,1158,1688,2036,1334.4,5.4,55734
141,2007,CA03801,San Francisco,733799,6414,100,125,2418,3771,12,874.08,13.63,17.03,329.52,513.9,CA,1095,1343,1685,2236,2401,1752,5.4,55734
142,2007,CA04313,San Jose,934553,3759,33,217,2441,1068,12,402.22,3.53,23.22,261.19,114.28,CA,939,1103,1302,1870,2051,1453,5.4,55734
143,2007,WASPD00,Seattle,585118,3667,24,90,2031,1522,12,626.71,4.1,15.38,347.11,260.12,WA,648,739,890,1268,1563,1021.6,4.7,58080
144,2007,FL02902,Tampa,337220,3575,28,80,2262,1205,12,1060.14,8.3,23.72,670.78,357.33,FL,622,696,838,1079,1316,910.2,4,45794
145,2007,AZ01003,Tucson,523299,4103,49,277,2345,1432,12,784.06,9.36,52.93,448.12,273.65,AZ,486,571,746,1076,1209,817.6,3.9,47215
146,2007,OK07205,Tulsa,381469,4552,55,299,3175,1023,12,1193.28,14.42,78.38,832.31,268.17,OK,481,520,648,866,946,692.2,4.1,43216
147,2007,DCMPD00,Washington,588292,7924,181,192,3566,3985,12,1346.95,30.77,32.64,606.16,677.38,DC,948,1080,1225,1580,2068,1380.2,5.5,50783
148,2007,KS08703,"Wichita, KS",358294,3391,40,278,2516,557,12,946.43,11.16,77.59,702.22,155.46,KS,439,492,635,816,930,662.4,4.2,48497
149,2008,NM00101,Albuquerque,527464,4718,38,370,2960,1350,12,894.47,7.2,70.15,561.18,255.94,NM,511,602,760,1107,1327,861.4,4.5,42102
150,2008,TX22001,Arlington,375836,2262,23,141,1404,694,12,601.86,6.12,37.52,373.57,184.66,TX,653,699,861,1168,1312,938.6,4.8,46490
151,2008,GAAPD00,Atlanta,533016,7403,105,126,3864,3308,12,1388.89,19.7,23.64,724.93,620.62,GA,715,777,864,1070,1200,925.2,6.2,46227
152,2008,CO00101,Aurora,316323,1621,18,187,861,555,12,512.45,5.69,59.12,272.19,175.45,CO,607,692,876,1244,1450,973.8,4.8,60943
153,2008,TX22701,Austin,753535,3935,23,273,2306,1333,12,522.21,3.05,36.23,306.02,176.9,TX,672,766,935,1272,1471,1023.2,4.8,46490
154,2008,MDBPD00,Baltimore,634549,10080,234,137,5683,4026,12,1588.53,36.88,21.59,895.6,634.47,MD,747,844,1013,1301,1607,1102.4,4.2,63711
155,2008,MA01301,Boston,604465,6676,62,237,3979,2398,12,1104.45,10.26,39.21,658.27,396.71,MA,1153,1224,1432,1763,2058,1526,5.5,60320
156,2008,NY01401,Buffalo,270289,3716,37,174,1966,1539,12,1374.82,13.69,64.38,727.37,569.39,NY,614,619,740,921,1026,784,5.4,50461
157,2008,NC06001,Charlotte,758769,7070,83,272,3731,2984,12,931.77,10.94,35.85,491.72,393.27,NC,656,712,789,1011,1265,886.6,6.1,42930
158,2008,ILCPD00,Chicago,2829304,35789,510,1594,17032,16653,12,1264.94,18.03,56.34,601.99,588.59,IL,734,840,944,1154,1304,995.2,6.3,53254
159,2008,OHCLP00,Cleveland,433452,6154,55,428,1866,3805,12,1419.77,12.69,98.74,430.5,877.84,OH,559,637,776,1017,1093,816.4,6.4,46934
160,2008,OHCOP00,Columbus,751887,5854,100,644,1509,3601,12,778.57,13.3,85.65,200.7,478.93,OH,527,607,763,965,1091,790.6,6.4,46934
161,2008,TXDPD00,Dallas,1276214,11420,170,499,4285,6466,12,894.83,13.32,39.1,335.76,506.65,TX,645,718,871,1156,1401,958.2,4.8,46490
162,2008,CODPD00,Denver,592881,3359,40,282,2081,956,12,566.56,6.75,47.56,351,161.25,CO,607,692,876,1244,1450,973.8,4.8,60943
163,2008,MI82349,Detroit,905783,17982,323,334,11000,6325,12,1985.24,35.66,36.87,1214.42,698.29,MI,639,709,853,1018,1050,853.8,8,49788
164,2008,TX07102,El Paso,612374,2825,17,181,2171,456,12,461.32,2.78,29.56,354.52,74.46,TX,476,512,605,877,1024,698.8,4.8,46490
165,2008,TX22012,Fort Worth,701345,4627,49,373,2499,1706,12,659.73,6.99,53.18,356.32,243.25,TX,653,699,861,1168,1312,938.6,4.8,46490
166,2008,CA01005,Fresno,475723,2782,40,80,1678,984,12,584.79,8.41,16.82,352.73,206.84,CA,661,731,845,1229,1405,974.2,7.3,57014
167,2008,HI00200,Honolulu,906349,2575,18,203,1426,928,12,284.11,1.99,22.4,157.33,102.39,HI,1131,1348,1630,2377,2799,1857,4.3,61521
168,2008,TXHPD00,Houston,2238895,24779,294,750,13132,10603,12,1106.75,13.13,33.5,586.54,473.58,TX,631,702,852,1136,1428,949.8,4.8,46490
169,2008,INIPD00,Indianapolis,808329,9735,114,475,5123,4023,12,1204.34,14.1,58.76,633.78,497.69,IN,559,650,776,1007,1086,815.6,5.9,46520
170,2008,FL01602,Jacksonville,806080,8032,115,262,4717,2938,12,996.43,14.27,32.5,585.18,364.48,FL,706,787,923,1178,1370,992.8,6.3,44857
171,2008,NV00201,Las Vegas,1353175,13324,120,729,7543,4932,12,984.65,8.87,53.87,557.43,364.48,NV,719,843,996,1382,1680,1124,6.7,54744
172,2008,CA01942,Los Angeles,3850920,26553,384,949,11798,13422,12,689.52,9.97,24.64,306.37,348.54,CA,937,1132,1419,1934,2381,1560.6,7.3,57014
173,2008,AZ00717,Mesa,456821,2289,16,161,1456,656,12,501.07,3.5,35.24,318.72,143.6,AZ,609,715,862,1256,1498,988,6.2,46914
174,2008,FL01306,Miami,427740,5709,63,42,3189,2415,12,1334.69,14.73,9.82,745.55,564.6,FL,849,965,1157,1499,1767,1247.4,6.3,44857
175,2008,WIMPD00,Milwaukee,602131,7404,71,205,3884,3244,12,1229.63,11.79,34.05,645.04,538.75,WI,558,665,795,1002,1032,810.4,4.9,51200
176,2008,MN02711,Minneapolis,376753,4779,37,367,2370,2005,12,1268.47,9.82,97.41,629.06,532.18,MN,633,741,901,1193,1346,962.8,5.4,54925
177,2008,TN01901,Nashville,602181,8365,76,291,5621,2377,12,1389.12,12.62,48.32,933.44,394.73,TN,591,659,759,1002,1073,816.8,6.6,39702
178,2008,LANPD00,New Orleans,281440,2869,179,65,1540,1085,12,1019.4,63.6,23.1,547.19,385.52,LA,808,898,1060,1381,1498,1129,4.9,39563
179,2008,NY03030,New York,8345075,48430,523,890,24831,22186,12,580.34,6.27,10.66,297.55,265.86,NY,1194,1290,1438,1802,1835,1511.8,5.4,50461
180,2008,NJNPD00,Newark,279788,2660,67,51,1155,1387,12,950.72,23.95,18.23,412.81,495.73,NJ,843,1030,1176,1429,1643,1224.2,5.3,65306
181,2008,CA00109,Oakland,401587,7905,115,338,4129,3323,12,1968.44,28.64,84.17,1028.17,827.47,CA,921,1104,1308,1822,2235,1478,7.3,57014
182,2008,OK05506,Oklahoma City,552452,5400,57,318,3501,1524,12,977.46,10.32,57.56,633.72,275.86,OK,515,557,680,936,1061,749.8,3.7,46111
183,2008,FL04804,Orlando,229808,3829,43,131,2335,1320,12,1666.17,18.71,57,1016.07,574.39,FL,748,814,927,1169,1429,1017.4,6.3,44857
184,2008,AZ00723,Phoenix,1585838,10465,167,481,4992,4825,12,659.9,10.53,30.33,314.79,304.26,AZ,609,715,862,1256,1498,988,6.2,46914
185,2008,PAPPD00,Pittsburgh,309757,3358,72,136,1609,1541,12,1084.08,23.24,43.91,519.44,497.49,PA,548,597,720,912,974,750.2,5.3,51402
186,2008,OR02602,Portland,553023,3445,26,250,2037,1132,12,622.94,4.7,45.21,368.34,204.69,OR,600,697,799,1163,1402,932.2,6.5,51727
187,2008,NC09201,Raleigh,388661,2245,34,95,1091,1025,12,577.62,8.75,24.44,280.71,263.73,NC,685,755,840,1089,1226,919,6.1,42930
188,2008,CA03404,Sacramento,467065,4660,49,168,2682,1761,12,997.72,10.49,35.97,574.22,377.04,CA,760,866,1032,1504,1752,1182.8,7.3,57014
189,2008,UT01803,Salt Lake City,180514,1424,12,76,850,486,12,788.86,6.65,42.1,470.88,269.23,UT,607,667,789,1128,1319,902,3.6,62537
190,2008,TXSPD00,San Antonio,1351244,9699,116,424,6416,2743,12,717.78,8.58,31.38,474.82,203,TX,606,670,831,1107,1331,909,4.8,46490
191,2008,CA03711,San Diego,1271655,6047,55,376,3597,2019,12,475.52,4.33,29.57,282.86,158.77,CA,978,1117,1355,1976,2382,1561.6,7.3,57014
192,2008,CA03801,San Francisco,798144,6744,98,166,2372,4108,12,844.96,12.28,20.8,297.19,514.69,CA,1091,1338,1679,2228,2393,1745.8,7.3,57014
193,2008,CA04313,San Jose,945197,3643,31,220,2268,1124,12,385.42,3.28,23.28,239.95,118.92,CA,954,1121,1323,1900,2084,1476.4,7.3,57014
194,2008,WASPD00,Seattle,598077,3447,29,126,1680,1612,12,576.35,4.85,21.07,280.9,269.53,WA,729,832,1002,1428,1760,1150.2,5.4,56631
195,2008,FL02902,Tampa,336911,2975,27,83,1809,1056,12,883.02,8.01,24.64,536.94,313.44,FL,698,782,941,1212,1477,1022,6.3,44857
196,2008,AZ01003,Tucson,528917,4252,65,246,2490,1451,12,803.91,12.29,46.51,470.77,274.33,AZ,501,588,769,1110,1246,842.8,6.2,46914
197,2008,OK07205,Tulsa,382954,4922,50,252,3524,1096,12,1285.27,13.06,65.8,920.21,286.2,OK,531,573,714,955,1042,763,3.7,46111
198,2008,DCMPD00,Washington,591833,8135,186,186,3609,4154,12,1374.54,31.43,31.43,609.8,701.89,DC,1025,1168,1324,1708,2235,1492,6.5,55590
199,2008,KS08703,"Wichita, KS",362602,3097,30,282,2303,482,12,854.1,8.27,77.77,635.13,132.93,KS,454,509,657,844,962,685.2,4.6,47877
200,2009,NM00101,Albuquerque,530636,4082,56,326,2597,1103,12,769.27,10.55,61.44,489.41,207.86,NM,511,602,760,1107,1327,861.4,7.5,43542
201,2009,TX22001,Arlington,379104,2330,12,152,1494,672,12,614.61,3.17,40.09,394.09,177.26,TX,653,699,861,1168,1312,938.6,7.6,47475
202,2009,GAAPD00,Atlanta,552901,6359,80,135,3419,2725,12,1150.12,14.47,24.42,618.37,492.85,GA,715,777,864,1070,1200,925.2,9.9,43340
203,2009,CO00101,Aurora,324014,1520,19,214,734,553,12,469.12,5.86,66.05,226.53,170.67,CO,607,692,876,1244,1450,973.8,7.3,55930
204,2009,TX22701,Austin,768970,4024,22,265,2322,1415,12,523.3,2.86,34.46,301.96,184.01,TX,672,766,935,1272,1471,1023.2,7.6,47475
205,2009,MDBPD00,Baltimore,638755,9664,238,158,5561,3707,12,1512.94,37.26,24.74,870.6,580.35,MD,747,844,1013,1301,1607,1102.4,7,64186
206,2009,MA01301,Boston,624222,6192,50,269,3596,2277,12,991.95,8.01,43.09,576.08,364.77,MA,1153,1224,1432,1763,2058,1526,8.1,59373
207,2009,NY01401,Buffalo,268655,3920,60,141,2083,1636,12,1459.12,22.33,52.48,775.34,608.96,NY,614,619,740,921,1026,784,8.3,50216
208,2009,NC06001,Charlotte,777708,5625,58,303,2918,2346,12,723.28,7.46,38.96,375.21,301.66,NC,656,712,789,1011,1265,886.6,10.6,41906
209,2009,ILCPD00,Chicago,2848431,33501,458,1439,15727,15877,12,1176.12,16.08,50.52,552.13,557.39,IL,734,840,944,1154,1304,995.2,10.2,52870
210,2009,OHCLP00,Cleveland,429238,5994,83,380,1976,3555,12,1396.43,19.34,88.53,460.35,828.21,OH,559,637,776,1017,1093,816.4,10.3,45879
211,2009,OHCOP00,Columbus,759391,5375,82,599,1295,3399,12,707.8,10.8,78.88,170.53,447.6,OH,527,607,763,965,1091,790.6,10.3,45879
212,2009,TXDPD00,Dallas,1290266,10221,166,485,4069,5501,12,792.16,12.87,37.59,315.36,426.35,TX,645,718,871,1156,1401,958.2,7.6,47475
213,2009,CODPD00,Denver,604680,3473,35,341,2166,931,12,574.35,5.79,56.39,358.21,153.97,CO,607,692,876,1244,1450,973.8,7.3,55930
214,2009,MI82349,Detroit,908441,18094,363,334,11390,6007,12,1991.76,39.96,36.77,1253.8,661.24,MI,639,709,853,1018,1050,853.8,13.7,45994
215,2009,TX07102,El Paso,618812,2830,12,182,2184,452,12,457.33,1.94,29.41,352.93,73.04,TX,476,512,605,877,1024,698.8,7.6,47475
216,2009,TX22012,Fort Worth,723456,4245,44,379,2373,1449,12,586.77,6.08,52.39,328.01,200.29,TX,653,699,861,1168,1312,938.6,7.6,47475
217,2009,CA01005,Fresno,481370,2933,42,86,1720,1085,12,609.3,8.73,17.87,357.31,225.4,CA,661,731,845,1229,1405,974.2,11.2,56134
218,2009,HI00200,Honolulu,907124,2537,14,243,1411,869,12,279.68,1.54,26.79,155.55,95.8,HI,1131,1348,1630,2377,2799,1857,7.2,55649
219,2009,TXHPD00,Houston,2273771,25593,287,823,13116,11367,12,1125.58,12.62,36.2,576.84,499.92,TX,631,702,852,1136,1428,949.8,7.6,47475
220,2009,INIPD00,Indianapolis,813471,9759,99,460,5271,3929,12,1199.67,12.17,56.55,647.96,482.99,IN,559,650,776,1007,1086,815.6,10.3,44305
221,2009,FL01602,Jacksonville,810064,6772,99,218,4096,2359,12,835.98,12.22,26.91,505.64,291.21,FL,706,787,923,1178,1370,992.8,10.4,45631
222,2009,NV00201,Las Vegas,1377282,13039,111,698,7735,4495,12,946.72,8.06,50.68,561.61,326.37,NV,719,843,996,1382,1680,1124,11.3,51434
223,2009,CA01942,Los Angeles,3848776,24070,312,903,10638,12217,12,625.39,8.11,23.46,276.4,317.43,CA,937,1132,1419,1934,2381,1560.6,11.2,56134
224,2009,AZ00717,Mesa,470833,2000,14,123,1252,611,12,424.78,2.97,26.12,265.91,129.77,AZ,609,715,862,1256,1498,988,9.9,45739
225,2009,FL01306,Miami,419205,4983,59,65,2765,2094,12,1188.68,14.07,15.51,659.58,499.52,FL,849,965,1157,1499,1767,1247.4,10.4,45631
226,2009,WIMPD00,Milwaukee,604673,6661,72,203,3209,3177,12,1101.59,11.91,33.57,530.7,525.41,WI,558,665,795,1002,1032,810.4,8.6,51237
227,2009,MN02711,Minneapolis,382618,4242,18,413,2148,1663,12,1108.68,4.7,107.94,561.4,434.64,MN,633,741,901,1193,1346,962.8,7.8,56090
228,2009,TN01901,Nashville,610176,6959,79,259,4650,1971,12,1140.49,12.95,42.45,762.08,323.02,TN,591,659,759,1002,1073,816.8,10.5,40517
229,2009,LANPD00,New Orleans,336425,2614,174,98,1410,932,12,776.99,51.72,29.13,419.11,277.03,LA,808,898,1060,1381,1498,1129,6.8,45433
230,2009,NY03030,New York,8400907,46357,471,832,26457,18597,12,551.81,5.61,9.9,314.93,221.37,NY,1194,1290,1438,1802,1835,1511.8,8.3,50216
231,2009,NJNPD00,Newark,279203,2597,80,68,1130,1319,12,930.15,28.65,24.36,404.72,472.42,NJ,843,1030,1176,1429,1643,1224.2,9.1,64777
232,2009,CA00109,Oakland,404553,6793,104,326,3465,2898,12,1679.14,25.71,80.58,856.5,716.35,CA,921,1104,1308,1822,2235,1478,11.2,56134
233,2009,OK05506,Oklahoma City,556939,5181,65,294,3573,1249,12,930.26,11.67,52.79,641.54,224.26,OK,515,557,680,936,1061,749.8,6.4,45878
234,2009,FL04804,Orlando,235109,2814,28,117,1902,767,12,1196.89,11.91,49.76,808.99,326.23,FL,748,814,927,1169,1429,1017.4,10.4,45631
235,2009,AZ00723,Phoenix,1597397,8730,122,522,4329,3757,12,546.51,7.64,32.68,271,235.2,AZ,609,715,862,1256,1498,988,9.9,45739
236,2009,PAPPD00,Pittsburgh,312232,3087,39,116,1565,1367,12,988.69,12.49,37.15,501.23,437.82,PA,548,597,720,912,974,750.2,8,48172
237,2009,OR02602,Portland,560908,3105,19,252,1797,1037,12,553.57,3.39,44.93,320.37,184.88,OR,600,697,799,1163,1402,932.2,11.3,49098
238,2009,NC09201,Raleigh,406005,2001,14,99,1056,832,12,492.85,3.45,24.38,260.1,204.92,NC,685,755,840,1089,1226,919,10.6,41906
239,2009,CA03404,Sacramento,470308,4165,30,179,2350,1606,12,885.59,6.38,38.06,499.67,341.48,CA,760,866,1032,1504,1752,1182.8,11.2,56134
240,2009,UT01803,Salt Lake City,180724,1284,3,103,767,411,12,710.48,1.66,56.99,424.4,227.42,UT,607,667,789,1128,1319,902,7.3,58491
241,2009,TXSPD00,San Antonio,1373936,7844,99,628,4434,2683,12,570.91,7.21,45.71,322.72,195.28,TX,606,670,831,1107,1331,909,7.6,47475
242,2009,CA03711,San Diego,1314773,5931,41,318,3667,1905,12,451.1,3.12,24.19,278.91,144.89,CA,978,1117,1355,1976,2382,1561.6,11.2,56134
243,2009,CA03801,San Francisco,809755,5957,45,179,2310,3423,12,735.65,5.56,22.11,285.27,422.72,CA,1091,1338,1679,2228,2393,1745.8,11.2,56134
244,2009,CA04313,San Jose,954009,3439,28,258,2128,1025,12,360.48,2.93,27.04,223.06,107.44,CA,954,1121,1323,1900,2084,1476.4,11.2,56134
245,2009,WASPD00,Seattle,602531,3861,22,102,1945,1792,12,640.8,3.65,16.93,322.8,297.41,WA,729,832,1002,1428,1760,1150.2,9.2,60392
246,2009,FL02902,Tampa,345233,2597,20,80,1588,909,12,752.25,5.79,23.17,459.98,263.3,FL,698,782,941,1212,1477,1022,10.4,45631
247,2009,AZ01003,Tucson,547981,3560,35,204,2075,1246,12,649.66,6.39,37.23,378.66,227.38,AZ,501,588,769,1110,1246,842.8,9.9,45739
248,2009,OK07205,Tulsa,384851,4295,68,254,2856,1117,12,1116.02,17.67,66,742.11,290.24,OK,531,573,714,955,1042,763,6.4,45878
249,2009,DCMPD00,Washington,599657,7587,144,150,3295,3998,12,1265.22,24.01,25.01,549.48,666.71,DC,1025,1168,1324,1708,2235,1492,9.3,53141
250,2009,KS08703,"Wichita, KS",367635,3255,25,262,2441,527,12,885.39,6.8,71.27,663.97,143.35,KS,454,509,657,844,962,685.2,6.9,44717
251,2010,NM00101,Albuquerque,545852,4291,42,338,2971,940,12,786.11,7.69,61.92,544.29,172.21,NM,526,619,782,1139,1365,886.2,8.1,45134
252,2010,TX22001,Arlington,365438,1925,16,119,1258,532,12,526.77,4.38,32.56,344.24,145.58,TX,703,752,926,1256,1411,1009.6,8.1,47266
253,2010,GAAPD00,Atlanta,420003,5749,93,89,3405,2162,12,1368.8,22.14,21.19,810.71,514.76,GA,791,859,955,1183,1326,1022.8,10.5,44117
254,2010,CO00101,Aurora,325078,1449,24,181,737,507,12,445.74,7.38,55.68,226.71,155.96,CO,638,728,921,1308,1524,1023.8,8.7,60233
255,2010,TX22701,Austin,790390,3790,38,265,2256,1231,12,479.51,4.81,33.53,285.43,155.75,TX,731,833,1017,1383,1600,1112.8,8.1,47266
256,2010,MDBPD00,Baltimore,620961,9316,223,265,5492,3336,12,1500.26,35.91,42.68,884.44,537.23,MD,887,1002,1203,1545,1908,1309,7.7,64201
257,2010,MA01301,Boston,617594,5819,73,256,3564,1926,12,942.2,11.82,41.45,577.08,311.86,MA,1200,1275,1491,1835,2143,1588.8,8.3,60934
258,2010,NY01401,Buffalo,261310,3599,55,157,1921,1466,12,1377.29,21.05,60.08,735.14,561.02,NY,636,640,766,953,1062,811.4,8.6,49781
259,2010,NC06001,Charlotte,779541,4891,61,239,2796,1795,12,627.42,7.83,30.66,358.67,230.26,NC,715,777,861,1103,1380,967.2,10.9,43830
260,2010,ILCPD00,Chicago,2695598,29774,432,1372,13757,14213,12,1104.54,16.03,50.9,510.35,527.27,IL,790,903,1015,1240,1402,1070,10.4,50728
261,2010,OHCLP00,Cleveland,396815,5529,81,344,1923,3181,12,1393.34,20.41,86.69,484.61,801.63,OH,557,635,773,1013,1088,813.2,10.3,45886
262,2010,OHCOP00,Columbus,787033,5472,95,574,1434,3369,12,695.27,12.07,72.93,182.2,428.06,OH,550,633,796,1007,1138,824.8,10.3,45886
263,2010,TXDPD00,Dallas,1197816,9161,148,505,4021,4487,12,764.81,12.36,42.16,335.69,374.6,TX,704,784,952,1263,1531,1046.8,8.1,47266
264,2010,CODPD00,Denver,600158,3387,28,371,2045,943,12,564.35,4.67,61.82,340.74,157.13,CO,638,728,921,1308,1524,1023.8,8.7,60233
265,2010,MI82349,Detroit,713777,16973,310,403,10721,5539,12,2377.91,43.43,56.46,1502.01,776.01,MI,631,701,843,1007,1038,844,12.6,46276
266,2010,TX07102,El Paso,649121,2861,5,179,2198,479,12,440.75,0.77,27.58,338.61,73.79,TX,501,540,638,924,1079,736.4,8.1,47266
267,2010,TX22012,Fort Worth,741206,4301,63,325,2583,1330,12,580.27,8.5,43.85,348.49,179.44,TX,703,752,926,1256,1411,1009.6,8.1,47266
268,2010,CA01005,Fresno,494665,3034,45,70,1898,1021,12,613.34,9.1,14.15,383.69,206.4,CA,689,762,881,1281,1465,1015.6,12.2,54283
269,2010,HI00200,Honolulu,953297,2548,19,218,1420,891,12,267.28,1.99,22.87,148.96,93.47,HI,1237,1474,1782,2598,3060,2030.2,6.9,59539
270,2010,TXHPD00,Houston,2099451,22491,269,712,12061,9449,12,1071.28,12.81,33.91,574.48,450.07,TX,661,735,892,1189,1495,994.4,8.1,47266
271,2010,INIPD00,Indianapolis,831388,9646,92,461,5726,3367,12,1160.23,11.07,55.45,688.73,404.99,IN,585,679,811,1053,1135,852.6,10.4,46139
272,2010,FL01602,Jacksonville,823209,5469,80,316,3380,1693,12,664.35,9.72,38.39,410.59,205.66,FL,718,800,938,1197,1392,1009,11.1,44066
273,2010,NV00201,Las Vegas,1446280,12648,107,652,7886,4003,12,874.52,7.4,45.08,545.26,276.78,NV,797,934,1104,1532,1862,1245.8,13.5,51200
274,2010,CA01942,Los Angeles,3792621,21484,293,923,9344,10924,12,566.47,7.73,24.34,246.37,288.03,CA,1023,1237,1550,2113,2601,1704.8,12.2,54283
275,2010,AZ00717,Mesa,439041,1790,15,124,1140,511,12,407.71,3.42,28.24,259.66,116.39,AZ,684,802,967,1409,1681,1108.6,10.4,46896
276,2010,FL01306,Miami,399457,4879,68,46,2909,1856,12,1221.41,17.02,11.52,728.24,464.63,FL,946,1075,1289,1671,1968,1389.8,11.1,44066
277,2010,WIMPD00,Milwaukee,594833,6336,95,196,3102,2943,12,1065.17,15.97,32.95,521.49,494.76,WI,602,718,858,1081,1114,874.6,8.7,50351
278,2010,MN02711,Minneapolis,382578,4064,37,438,1993,1596,12,1062.27,9.67,114.49,520.94,417.17,MN,659,772,939,1243,1403,1003.2,7.4,52321
279,2010,TN01901,Nashville,605009,6802,55,332,4613,1802,12,1124.28,9.09,54.88,762.47,297.85,TN,681,760,875,1155,1237,941.6,9.7,38591
280,2010,LANPD00,New Orleans,343829,2593,175,144,1321,953,12,754.15,50.9,41.88,384.2,277.17,LA,805,895,1057,1377,1494,1125.6,8,39300
281,2010,NY03030,New York,8175133,48489,536,1036,27309,19608,12,593.13,6.56,12.67,334.05,239.85,NY,1223,1322,1474,1847,1881,1549.4,8.6,49781
282,2010,NJNPD00,Newark,277140,2885,90,79,1112,1604,12,1040.99,32.47,28.51,401.24,578.77,NJ,926,1131,1291,1569,1804,1344.2,9.5,62968
283,2010,CA00109,Oakland,390724,6267,90,318,2942,2917,12,1603.95,23.03,81.39,752.96,746.56,CA,1040,1247,1477,2057,2524,1669,12.2,54283
284,2010,OK05506,Oklahoma City,579999,5304,54,340,3798,1112,12,914.48,9.31,58.62,654.83,191.72,OK,554,600,732,1007,1142,807,6.8,43103
285,2010,FL04804,Orlando,238300,2574,18,113,1771,672,12,1080.15,7.55,47.42,743.18,282,FL,917,997,1136,1432,1752,1246.8,11.1,44066
286,2010,AZ00723,Phoenix,1445632,8001,116,522,4113,3250,12,553.46,8.02,36.11,284.51,224.82,AZ,684,802,967,1409,1681,1108.6,10.4,46896
287,2010,PAPPD00,Pittsburgh,307630,2810,55,66,1499,1190,12,913.43,17.88,21.45,487.27,386.83,PA,576,628,757,958,1024,788.6,8.5,48314
288,2010,OR02602,Portland,583776,3051,22,230,1794,1005,12,522.63,3.77,39.4,307.31,172.16,OR,651,756,867,1261,1522,1011.4,10.6,50602
289,2010,NC09201,Raleigh,403892,1740,14,99,984,643,12,430.81,3.47,24.51,243.63,159.2,NC,735,811,902,1170,1317,987,10.9,43830
290,2010,CA03404,Sacramento,466488,4112,33,165,2423,1491,12,881.48,7.07,35.37,519.41,319.62,CA,789,899,1072,1562,1820,1228.4,12.2,54283
291,2010,UT01803,Salt Lake City,186440,1294,8,147,780,359,12,694.06,4.29,78.85,418.37,192.56,UT,671,738,873,1248,1460,998,7.8,56701
292,2010,TXSPD00,San Antonio,1327407,8434,79,467,5528,2360,12,635.37,5.95,35.18,416.45,177.79,TX,617,683,847,1128,1357,926.4,8.1,47266
293,2010,CA03711,San Diego,1307402,5616,29,300,3651,1636,12,429.55,2.22,22.95,279.26,125.13,CA,1032,1177,1429,2083,2512,1646.6,12.2,54283
294,2010,CA03801,San Francisco,805235,5747,48,133,2386,3180,12,713.7,5.96,16.52,296.31,394.92,CA,1206,1479,1856,2463,2645,1929.8,12.2,54283
295,2010,CA04313,San Jose,945942,3215,20,253,1966,976,12,339.87,2.11,26.75,207.84,103.18,CA,1165,1369,1616,2321,2545,1803.2,12.2,54283
296,2010,WASPD00,Seattle,608660,3515,19,96,1971,1429,12,577.5,3.12,15.77,323.83,234.78,WA,818,933,1124,1602,1974,1290.2,10,56163
297,2010,FL02902,Tampa,335709,2170,27,47,1412,684,12,646.39,8.04,14,420.6,203.75,FL,758,848,1021,1315,1603,1109,11.1,44066
298,2010,AZ01003,Tucson,520116,3331,51,158,2034,1088,12,640.43,9.81,30.38,391.07,209.18,AZ,570,669,875,1263,1418,959,10.4,46896
299,2010,OK07205,Tulsa,391906,4304,54,252,2617,1381,12,1098.22,13.78,64.3,667.76,352.38,OK,566,612,762,1019,1113,814.4,6.8,43103
300,2010,DCMPD00,Washington,601723,7468,132,184,3238,3914,12,1241.1,21.94,30.58,538.12,650.47,DC,1156,1318,1494,1927,2522,1683.4,9.4,56928
301,2010,KS08703,"Wichita, KS",382368,3038,16,251,2290,481,12,794.52,4.18,65.64,598.9,125.8,KS,468,525,677,870,991,706.2,7.1,46054
302,2011,NM00101,Albuquerque,551961,4210,38,264,2910,998,12,762.74,6.88,47.83,527.21,180.81,NM,546,642,811,1181,1416,919.2,7.5,41982
303,2011,TX22001,Arlington,373128,1874,22,136,1176,540,12,502.24,5.9,36.45,315.17,144.72,TX,711,761,937,1271,1428,1021.6,7.8,49047
304,2011,GAAPD00,Atlanta,425533,6097,88,148,3518,2343,12,1432.79,20.68,34.78,826.73,550.6,GA,764,830,923,1144,1282,988.6,10.2,45973
305,2011,CO00101,Aurora,330740,1460,12,187,754,507,12,441.43,3.63,56.54,227.97,153.29,CO,698,796,1007,1430,1667,1119.6,8.4,58629
306,2011,TX22701,Austin,807022,3470,27,211,2126,1106,12,429.98,3.35,26.15,263.44,137.05,TX,738,840,1026,1395,1614,1122.6,7.8,49047
307,2011,MDBPD00,Baltimore,626848,8886,197,341,4891,3457,12,1417.57,31.43,54.4,780.25,551.49,MD,931,1052,1263,1622,2003,1374.2,7.2,68876
308,2011,MA01301,Boston,621359,5252,63,271,3014,1904,12,845.24,10.14,43.61,485.07,306.43,MA,1194,1268,1483,1826,2131,1580.4,7.3,63313
309,2011,NY01401,Buffalo,262484,3250,36,121,1634,1459,12,1238.17,13.72,46.1,622.51,555.84,NY,634,639,764,950,1060,809.4,8.3,50636
310,2011,NC06001,Charlotte,789478,4787,56,218,2901,1612,12,606.35,7.09,27.61,367.46,204.19,NC,707,768,851,1090,1364,956,10.3,45206
311,2011,ILCPD00,Chicago,2703713,28273,431,1459,12408,13975,12,1045.71,15.94,53.96,458.92,516.88,IL,790,904,1016,1242,1403,1071,9.7,50637
312,2011,OHCLP00,Cleveland,397106,5431,74,356,1844,3157,12,1367.64,18.63,89.65,464.36,795,OH,564,643,783,1027,1102,823.8,8.8,44648
313,2011,OHCOP00,Columbus,787609,5228,87,594,1296,3251,12,663.78,11.05,75.42,164.55,412.77,OH,571,657,826,1045,1181,856,8.8,44648
314,2011,TXDPD00,Dallas,1223021,8330,133,428,3703,4066,12,681.1,10.87,35,302.77,332.46,TX,701,780,947,1257,1523,1041.6,7.8,49047
315,2011,CODPD00,Denver,610612,3718,37,396,2142,1143,12,608.9,6.06,64.85,350.8,187.19,CO,698,796,1007,1430,1667,1119.6,8.4,58629
316,2011,MI82349,Detroit,713239,15254,344,426,9508,4976,12,2138.69,48.23,59.73,1333.07,697.66,MI,642,712,857,1023,1055,857.8,10.4,48879
317,2011,TX07102,El Paso,662780,2858,16,217,2161,464,12,431.21,2.41,32.74,326.05,70.01,TX,523,563,665,964,1125,768,7.8,49047
318,2011,TX22012,Fort Worth,756803,4579,51,354,2907,1267,12,605.05,6.74,46.78,384.12,167.41,TX,711,761,937,1271,1428,1021.6,7.8,49047
319,2011,CA01005,Fresno,500480,2915,35,51,1809,1020,12,582.44,6.99,10.19,361.45,203.8,CA,705,780,902,1312,1500,1039.8,11.7,53367
320,2011,HI00200,Honolulu,963465,2370,14,203,1332,821,12,245.99,1.45,21.07,138.25,85.21,HI,1266,1508,1824,2659,3132,2077.8,6.8,59047
321,2011,TXHPD00,Houston,2143628,20892,198,771,11869,8054,12,974.61,9.24,35.97,553.69,375.72,TX,690,767,931,1241,1560,1037.8,7.8,49047
322,2011,INIPD00,Indianapolis,833024,9170,96,435,5267,3372,12,1100.81,11.52,52.22,632.27,404.79,IN,590,685,818,1062,1144,859.8,9.1,44445
323,2011,FL01602,Jacksonville,834429,5182,71,350,3183,1578,12,621.02,8.51,41.94,381.46,189.11,FL,731,815,956,1220,1419,1028.2,10,45105
324,2011,NV00201,Las Vegas,1458474,10813,82,651,6587,3493,12,741.39,5.62,44.64,451.64,239.5,NV,800,937,1108,1538,1869,1250.4,13,47043
325,2011,CA01942,Los Angeles,3837207,20045,297,828,8843,10077,12,522.39,7.74,21.58,230.45,262.61,CA,1029,1244,1559,2125,2616,1714.6,11.7,53367
326,2011,AZ00717,Mesa,445256,1837,17,131,1192,497,12,412.57,3.82,29.42,267.71,111.62,AZ,696,816,984,1434,1710,1128,9.5,48621
327,2011,FL01306,Miami,404901,4849,68,96,2683,2002,12,1197.58,16.79,23.71,662.63,494.44,FL,929,1055,1265,1639,1932,1364,10,45105
328,2011,WIMPD00,Milwaukee,597426,6637,86,205,3255,3091,12,1110.93,14.4,34.31,544.84,517.39,WI,608,725,866,1091,1124,882.8,7.8,52058
329,2011,MN02711,Minneapolis,385531,3722,32,386,1715,1589,12,965.42,8.3,100.12,444.84,412.16,MN,678,794,966,1279,1443,1032,6.5,57820
330,2011,TN01901,Nashville,612789,7253,50,387,4927,1889,12,1183.6,8.16,63.15,804.03,308.26,TN,662,739,851,1123,1203,915.6,9,42279
331,2011,LANPD00,New Orleans,346974,2748,200,163,1326,1059,12,791.99,57.64,46.98,382.16,305.21,LA,815,906,1070,1394,1512,1139.4,7.8,40658
332,2011,NY03030,New York,8211875,51209,515,1092,29829,19773,12,623.6,6.27,13.3,363.24,240.79,NY,1263,1365,1522,1907,1942,1599.8,8.3,50636
333,2011,NJNPD00,Newark,278064,3243,94,58,1114,1977,12,1166.28,33.81,20.86,400.63,710.99,NJ,941,1149,1312,1594,1833,1365.8,9.3,62338
334,2011,CA00109,Oakland,395317,6652,104,202,2981,3365,12,1682.7,26.31,51.1,754.08,851.22,CA,1043,1251,1482,2064,2533,1674.6,11.7,53367
335,2011,OK05506,Oklahoma City,586208,5108,58,277,3541,1232,12,871.36,9.89,47.25,604.05,210.16,OK,559,604,738,1015,1151,813.4,5.9,48455
336,2011,FL04804,Orlando,241548,2591,29,119,1746,697,12,1072.66,12.01,49.27,722.84,288.56,FL,842,916,1043,1315,1608,1144.8,10,45105
337,2011,AZ00723,Phoenix,1466097,8089,116,559,4090,3324,12,551.74,7.91,38.13,278.97,226.72,AZ,696,816,984,1434,1710,1128,9.5,48621
338,2011,PAPPD00,Pittsburgh,308609,2476,44,67,1239,1126,12,802.31,14.26,21.71,401.48,364.86,PA,578,629,759,961,1027,790.8,7.9,49910
339,2011,OR02602,Portland,589991,3037,20,258,1842,917,12,514.75,3.39,43.73,312.21,155.43,OR,715,830,952,1385,1671,1110.6,9.5,51526
340,2011,NC09201,Raleigh,409014,1724,17,127,900,680,12,421.5,4.16,31.05,220.04,166.25,NC,732,807,898,1165,1311,982.6,10.3,45206
341,2011,CA03404,Sacramento,471972,3354,36,134,2022,1162,12,710.64,7.63,28.39,428.42,246.2,CA,797,909,1083,1578,1839,1241.2,11.7,53367
342,2011,UT01803,Salt Lake City,190038,1230,7,128,753,342,12,647.24,3.68,67.35,396.24,179.96,UT,680,747,884,1264,1478,1010.6,6.7,55493
343,2011,TXSPD00,San Antonio,1355339,7038,89,492,4672,1785,12,519.28,6.57,36.3,344.71,131.7,TX,653,722,896,1193,1435,979.8,7.8,49047
344,2011,CA03711,San Diego,1316919,5104,38,293,3317,1456,12,387.57,2.89,22.25,251.88,110.56,CA,1096,1251,1518,2213,2669,1749.4,11.7,53367
345,2011,CA03801,San Francisco,814701,5374,50,131,2105,3088,12,659.63,6.14,16.08,258.38,379.03,CA,1330,1631,2046,2715,2916,2127.6,11.7,53367
346,2011,CA04313,San Jose,957062,3206,39,226,1840,1101,12,334.98,4.07,23.61,192.26,115.04,CA,1324,1556,1837,2638,2893,2049.6,11.7,53367
347,2011,WASPD00,Seattle,618209,3664,20,100,2126,1418,12,592.68,3.24,16.18,343.9,229.37,WA,919,1048,1263,1800,2218,1449.6,9.3,56850
348,2011,FL02902,Tampa,340284,2228,28,58,1555,587,12,654.75,8.23,17.04,456.97,172.5,FL,736,824,992,1278,1557,1077.4,10,45105
349,2011,AZ01003,Tucson,527479,3440,51,204,2022,1163,12,652.16,9.67,38.67,383.33,220.48,AZ,571,671,877,1266,1421,961.2,9.5,48621
350,2011,OK07205,Tulsa,396101,3960,49,266,2555,1090,12,999.75,12.37,67.15,645.04,275.18,OK,548,593,738,987,1077,788.6,5.9,48455
351,2011,DCMPD00,Washington,617996,6985,108,172,2949,3756,12,1130.27,17.48,27.83,477.19,607.77,DC,1131,1289,1461,1885,2466,1646.4,10.2,55251
352,2011,KS08703,"Wichita, KS",384796,2963,25,245,2203,490,12,770.02,6.5,63.67,572.51,127.34,KS,475,532,687,883,1006,716.6,6.5,46147
353,2012,NM00101,Albuquerque,553684,4151,41,278,2740,1092,12,749.71,7.4,50.21,494.87,197.22,NM,501,589,744,1083,1299,843.2,7.1,43424
354,2012,TX22001,Arlington,379295,1909,17,135,1225,532,12,503.3,4.48,35.59,322.97,140.26,TX,667,709,863,1153,1277,933.8,6.7,51926
355,2012,GAAPD00,Atlanta,437041,6027,83,113,3555,2276,12,1379.05,18.99,25.86,813.42,520.77,GA,741,803,893,1087,1186,942,9.2,48121
356,2012,CO00101,Aurora,336952,1400,17,172,729,482,12,415.49,5.05,51.05,216.35,143.05,CO,659,751,951,1350,1574,1057,7.9,57255
357,2012,TX22701,Austin,832901,3405,31,209,2187,978,12,408.81,3.72,25.09,262.58,117.42,TX,713,812,989,1331,1516,1072.2,6.7,51926
358,2012,MDBPD00,Baltimore,625474,8789,216,317,4651,3605,12,1405.17,34.53,50.68,743.6,576.36,MD,907,1025,1231,1581,1952,1339.2,7,71836
359,2012,MA01301,Boston,630648,5266,57,249,3050,1910,12,835.01,9.04,39.48,483.63,302.86,MA,1193,1266,1486,1777,1953,1535,6.7,63656
360,2012,NY01401,Buffalo,262434,3382,48,138,1808,1388,12,1288.7,18.29,52.58,688.94,528.89,NY,631,632,759,939,1037,799.6,8.5,47680
361,2012,NC06001,Charlotte,808504,5238,52,223,3165,1798,12,647.86,6.43,27.58,391.46,222.39,NC,686,743,825,1040,1209,900.6,9.3,41553
362,2012,ILCPD00,Chicago,2708382,27620,500,1372,12272,13476,12,1019.8,18.46,50.66,453.11,497.57,IL,801,917,1030,1259,1422,1085.8,9,51738
363,2012,OHCLP00,Cleveland,393781,5469,85,373,1754,3257,12,1388.84,21.59,94.72,445.43,827.11,OH,554,643,775,994,1056,804.4,7.4,44375
364,2012,OHCOP00,Columbus,797384,4808,71,590,1116,3031,12,602.97,8.9,73.99,139.96,380.12,OH,551,642,811,1020,1109,826.6,7.4,44375
365,2012,TXDPD00,Dallas,1241549,8380,154,486,3647,4093,12,674.96,12.4,39.14,293.75,329.67,TX,696,770,930,1211,1432,1007.8,6.7,51926
366,2012,CODPD00,Denver,628545,3885,39,383,2295,1168,12,618.09,6.2,60.93,365.13,185.83,CO,659,751,951,1350,1574,1057,7.9,57255
367,2012,MI82349,Detroit,707096,15023,386,442,9345,4850,12,2124.61,54.59,62.51,1321.6,685.9,MI,628,715,855,1023,1054,855,9.1,50015
368,2012,TX07102,El Paso,675536,2859,23,184,2181,471,12,423.22,3.4,27.24,322.85,69.72,TX,562,602,718,1030,1221,826.6,6.7,51926
369,2012,TX22012,Fort Worth,770101,4526,46,391,2809,1280,12,587.72,5.97,50.77,364.76,166.21,TX,667,709,863,1153,1277,933.8,6.7,51926
370,2012,CA01005,Fresno,506011,2748,51,54,1628,1015,12,543.07,10.08,10.67,321.73,200.59,CA,668,736,869,1264,1362,979.8,10.4,57020
371,2012,HI00200,Honolulu,975875,2336,11,165,1246,914,12,239.37,1.13,16.91,127.68,93.66,HI,1235,1449,1767,2564,2870,1977,6,56263
372,2012,TXHPD00,Houston,2177273,21610,217,665,11343,9385,12,992.53,9.97,30.54,520.97,431.04,TX,694,772,937,1249,1570,1044.4,6.7,51926
373,2012,INIPD00,Indianapolis,838650,9942,97,436,5967,3442,12,1185.48,11.57,51.99,711.5,410.42,IN,581,673,799,1034,1094,836.2,8.3,46158
374,2012,FL01602,Jacksonville,840660,5189,93,341,3384,1371,12,617.25,11.06,40.56,402.54,163.09,FL,712,810,943,1183,1356,1000.8,8.5,46071
375,2012,NV00201,Las Vegas,1479393,11598,76,596,7102,3824,12,783.97,5.14,40.29,480.06,258.48,NV,739,870,1024,1423,1713,1153.8,11.2,47333
376,2012,CA01942,Los Angeles,3855122,18547,299,936,8329,8983,12,481.1,7.76,24.28,216.05,233.01,CA,1032,1245,1554,2087,2511,1685.8,10.4,57020
377,2012,AZ00717,Mesa,451391,1804,14,172,1149,469,12,399.65,3.1,38.1,254.55,103.9,AZ,619,721,870,1267,1483,992,8.3,47044
378,2012,FL01306,Miami,414327,4856,69,65,2626,2096,12,1172.02,16.65,15.69,633.8,505.88,FL,874,990,1201,1536,1795,1279.2,8.5,46071
379,2012,WIMPD00,Milwaukee,599395,7932,93,234,4508,3097,12,1323.33,15.52,39.04,752.09,516.69,WI,590,703,840,1058,1090,856.2,7,53079
380,2012,MN02711,Minneapolis,390240,3872,39,403,1711,1719,12,992.21,9.99,103.27,438.45,440.5,MN,671,791,960,1257,1412,1018.2,5.6,61795
381,2012,TN01901,Nashville,620886,7314,63,303,5232,1716,12,1177.99,10.15,48.8,842.67,276.38,TN,642,733,842,1092,1124,886.6,7.8,42995
382,2012,LANPD00,New Orleans,362874,2958,193,136,1564,1065,12,815.16,53.19,37.48,431,293.49,LA,768,851,995,1278,1320,1042.4,7.1,39085
383,2012,NY03030,New York,8289415,52993,419,1162,31211,20201,12,639.29,5.05,14.02,376.52,243.7,NY,1283,1388,1544,1899,2136,1650,8.5,47680
384,2012,NJNPD00,Newark,278906,3220,96,55,1093,1976,12,1154.51,34.42,19.72,391.89,708.48,NJ,998,1220,1394,1669,1846,1425.4,9.3,66692
385,2012,CA00109,Oakland,399487,7963,127,271,3227,4338,12,1993.31,31.79,67.84,807.79,1085.89,CA,1066,1287,1525,2068,2560,1701.2,10.4,57020
386,2012,OK05506,Oklahoma City,595607,5474,85,389,3791,1209,12,919.06,14.27,65.31,636.49,202.99,OK,553,603,733,990,1061,788,5.2,48407
387,2012,FL04804,Orlando,246513,2508,24,103,1778,603,12,1017.39,9.74,41.78,721.26,244.61,FL,802,872,996,1247,1468,1077,8.5,46071
388,2012,AZ00723,Phoenix,1485509,9458,123,556,5263,3516,12,636.68,8.28,37.43,354.29,236.69,AZ,619,721,870,1267,1483,992,8.3,47044
389,2012,PAPPD00,Pittsburgh,312112,2347,41,47,1125,1134,12,751.97,13.14,15.06,360.45,363.33,PA,543,595,712,885,956,738.2,7.8,51904
390,2012,OR02602,Portland,598037,3093,20,231,1892,950,12,517.19,3.34,38.63,316.37,158.85,OR,697,808,934,1360,1634,1086.6,8.8,51775
391,2012,NC09201,Raleigh,420594,1780,17,113,985,665,12,423.21,4.04,26.87,234.19,158.11,NC,709,795,884,1111,1151,930,9.3,41553
392,2012,CA03404,Sacramento,476557,3520,34,125,2150,1211,12,738.63,7.13,26.23,451.15,254.11,CA,736,837,1021,1473,1689,1151.2,10.4,57020
393,2012,UT01803,Salt Lake City,192465,1302,8,123,854,317,12,676.49,4.16,63.91,443.72,164.71,UT,621,675,814,1145,1333,917.6,5.4,58341
394,2012,TXSPD00,San Antonio,1380123,6943,89,549,4441,1864,12,503.07,6.45,39.78,321.78,135.06,TX,590,656,810,1045,1269,874,6.7,51926
395,2012,CA03711,San Diego,1338477,5529,47,304,3661,1517,12,413.08,3.51,22.71,273.52,113.34,CA,1054,1206,1476,2099,2593,1685.6,10.4,57020
396,2012,CA03801,San Francisco,820363,5777,69,108,2116,3484,12,704.2,8.41,13.16,257.93,424.69,CA,1339,1646,2060,2750,2907,2140.4,10.4,57020
397,2012,CA04313,San Jose,976459,3547,45,280,2014,1208,12,363.25,4.61,28.68,206.26,123.71,CA,1249,1447,1739,2501,2753,1937.8,10.4,57020
398,2012,WASPD00,Seattle,626865,3782,25,123,2198,1436,12,603.32,3.99,19.62,350.63,229.08,WA,861,981,1181,1669,2038,1346,8.1,62187
399,2012,FL02902,Tampa,350758,2162,23,43,1523,573,12,616.38,6.56,12.26,434.2,163.36,FL,724,804,972,1232,1487,1043.8,8.5,46071
400,2012,AZ01003,Tucson,531535,3850,42,234,2314,1260,12,724.32,7.9,44.02,435.34,237.05,AZ,570,670,860,1238,1309,929.4,8.3,47044
401,2012,OK07205,Tulsa,398904,3949,42,316,2529,1062,12,989.96,10.53,79.22,633.99,266.23,OK,578,627,767,1013,1046,806.2,5.2,48407
402,2012,DCMPD00,Washington,632323,7448,88,236,3399,3725,12,1177.88,13.92,37.32,537.54,589.1,DC,1166,1328,1506,1943,2542,1697,9,65246
403,2012,KS08703,"Wichita, KS",386409,2896,23,242,2135,496,12,749.46,5.95,62.63,552.52,128.36,KS,464,520,683,874,982,704.6,5.7,50003
404,2013,NM00101,Albuquerque,558165,4325,37,439,2803,1046,12,774.86,6.63,78.65,502.18,187.4,NM,537,675,827,1197,1465,940.2,6.9,40166
405,2013,TX22001,Arlington,378765,1837,18,105,1152,562,12,485,4.75,27.72,304.15,148.38,TX,610,714,924,1239,1475,992.4,6.3,51406
406,2013,GAAPD00,Atlanta,451020,5516,83,105,2965,2363,12,1223.01,18.4,23.28,657.4,523.92,GA,719,784,930,1232,1496,1032.2,8.2,46992
407,2013,CO00101,Aurora,343484,1429,20,224,716,469,12,416.03,5.82,65.21,208.45,136.54,CO,627,774,1002,1470,1705,1115.6,6.9,67912
408,2013,TX22701,Austin,859180,3123,26,217,2117,763,12,363.49,3.03,25.26,246.4,88.81,TX,681,834,1050,1421,1723,1141.8,6.3,51406
409,2013,MDBPD00,Baltimore,622671,8725,233,298,4460,3734,12,1401.22,37.42,47.86,716.27,599.67,MD,846,1000,1251,1598,1740,1287,6.6,69353
410,2013,MA01301,Boston,643799,5037,39,279,2851,1868,12,782.39,6.06,43.34,442.84,290.15,MA,1125,1256,1569,1954,2124,1605.6,6.7,62529
411,2013,NY01401,Buffalo,258789,3249,47,145,1735,1322,12,1255.46,18.16,56.03,670.43,510.84,NY,589,625,778,994,1125,822.2,7.7,49966
412,2013,NC06001,Charlotte,837638,5093,59,230,2999,1805,12,608.02,7.04,27.46,358.03,215.49,NC,644,710,842,1135,1408,947.8,8,46337
413,2013,ILCPD00,Chicago,2720554,25688,416,1338,12108,11826,12,944.22,15.29,49.18,445.06,434.69,IL,768,872,1034,1318,1537,1105.8,9,53937
414,2013,OHCLP00,Cleveland,389181,5782,58,436,1792,3496,12,1485.68,14.9,112.03,460.45,898.3,OH,519,623,790,1058,1093,816.6,7.5,50748
415,2013,OHCOP00,Columbus,816364,4446,78,692,1213,2463,12,544.61,9.55,84.77,148.59,301.7,OH,513,638,830,1070,1238,857.8,7.5,50748
416,2013,TXDPD00,Dallas,1255015,8330,143,543,3442,4202,12,663.74,11.39,43.27,274.26,334.82,TX,624,749,947,1264,1526,1022,6.3,51406
417,2013,CODPD00,Denver,648981,4093,41,519,2400,1133,12,630.68,6.32,79.97,369.81,174.58,CO,627,774,1002,1470,1705,1115.6,6.9,67912
418,2013,MI82349,Detroit,699889,14501,316,613,8801,4771,12,2071.9,45.15,87.59,1257.49,681.68,MI,530,674,879,1172,1281,907.2,8.8,56567
419,2013,TX07102,El Paso,679700,2522,10,176,1879,457,12,371.05,1.47,25.89,276.45,67.24,TX,568,620,766,1086,1302,868.4,6.3,51406
420,2013,TX22012,Fort Worth,789035,4440,49,532,2602,1257,12,562.71,6.21,67.42,329.77,159.31,TX,610,714,924,1239,1475,992.4,6.3,51406
421,2013,CA01005,Fresno,508876,2552,40,53,1556,903,12,501.5,7.86,10.42,305.77,177.45,CA,709,737,931,1308,1527,1042.4,8.9,60794
422,2013,HI00200,Honolulu,984683,2276,18,221,1294,743,6,231.14,1.83,22.44,131.41,75.46,HI,1276,1392,1833,2701,3100,2060.4,4.9,64235
423,2013,TXHPD00,Houston,2180606,20993,214,618,10270,9891,12,962.71,9.81,28.34,470.97,453.59,TX,636,765,945,1290,1595,1046.2,6.3,51406
424,2013,INIPD00,Indianapolis,850220,10479,129,656,5894,3800,12,1232.5,15.17,77.16,693.23,446.94,IN,530,654,813,1084,1265,869.2,7.7,49455
425,2013,FL01602,Jacksonville,845745,5246,93,452,3277,1424,12,620.28,11,53.44,387.47,168.37,FL,655,807,970,1279,1565,1055.2,7.2,48532
426,2013,NV00201,Las Vegas,1500455,11374,97,705,6500,4072,12,758.04,6.46,46.99,433.2,271.38,NV,691,864,1064,1568,1861,1209.6,9.6,51846
427,2013,CA01942,Los Angeles,3878725,16524,251,764,7624,7885,12,426.02,6.47,19.7,196.56,203.29,CA,988,1195,1542,2085,2323,1626.6,8.9,60794
428,2013,AZ00717,Mesa,456155,1807,22,203,1104,478,12,396.14,4.82,44.5,242.02,104.79,AZ,593,748,925,1363,1592,1044.2,7.7,52611
429,2013,FL01306,Miami,418394,4945,71,96,2562,2216,12,1181.9,16.97,22.94,612.34,529.64,FL,776,945,1211,1662,1941,1307,7.2,48532
430,2013,WIMPD00,Milwaukee,600805,8194,104,401,4405,3284,12,1363.84,17.31,66.74,733.18,546.6,WI,566,698,877,1119,1210,894,6.7,51726
431,2013,MN02711,Minneapolis,396206,4038,36,385,1761,1856,12,1019.17,9.09,97.17,444.47,468.44,MN,628,781,977,1376,1624,1077.2,5,64324
432,2013,TN01901,Nashville,635673,6667,35,463,4556,1613,12,1048.81,5.51,72.84,716.72,253.75,TN,631,728,871,1158,1243,926.2,7.8,43361
433,2013,LANPD00,New Orleans,377022,2965,156,176,1495,1138,12,786.43,41.38,46.68,396.53,301.84,LA,678,803,994,1247,1510,1046.4,6.7,46425
434,2013,NY03030,New York,8396126,52384,335,1112,31767,19170,12,623.91,3.99,13.24,378.35,228.32,NY,1311,1369,1623,2087,2338,1745.6,7.7,49966
435,2013,NJNPD00,Newark,278246,3516,112,45,926,2433,12,1263.63,40.25,16.17,332.8,874.41,NJ,1044,1082,1292,1667,1904,1397.8,8.2,63754
436,2013,CA00109,Oakland,403887,7984,90,180,2792,4922,12,1976.79,22.28,44.57,691.28,1218.66,CA,963,1168,1469,2051,2517,1633.6,8.9,60794
437,2013,OK05506,Oklahoma City,605034,4998,62,450,3295,1191,12,826.07,10.25,74.38,544.6,196.85,OK,535,621,795,1088,1306,869,5.3,46162
438,2013,FL04804,Orlando,253238,2316,17,126,1600,573,12,914.55,6.71,49.76,631.82,226.27,FL,739,874,1042,1390,1681,1145.2,7.2,48532
439,2013,AZ00723,Phoenix,1502139,9492,118,635,5506,3233,12,631.9,7.86,42.27,366.54,215.23,AZ,593,748,925,1363,1592,1044.2,7.7,52611
440,2013,PAPPD00,Pittsburgh,307632,2259,45,78,1180,956,12,734.32,14.63,25.35,383.58,310.76,PA,582,668,833,1046,1113,848.4,7.4,55156
441,2013,OR02602,Portland,609136,2941,14,234,1776,917,12,482.82,2.3,38.42,291.56,150.54,OR,694,807,961,1416,1702,1116,7.9,48999
442,2013,NC09201,Raleigh,428993,1683,12,79,987,605,12,392.31,2.8,18.42,230.07,141.03,NC,669,782,927,1200,1491,1013.8,8,46337
443,2013,CA03404,Sacramento,478182,3137,34,95,1850,1158,12,656.03,7.11,19.87,386.88,242.17,CA,717,855,1073,1581,1900,1225.2,8.9,60794
444,2013,UT01803,Salt Lake City,190246,1487,7,213,846,421,12,781.62,3.68,111.96,444.69,221.29,UT,595,714,885,1262,1486,988.4,4.6,61047
445,2013,TXSPD00,San Antonio,1399725,8828,72,663,5901,2192,12,630.7,5.14,47.37,421.58,156.6,TX,586,738,927,1209,1326,957.2,6.3,51406
446,2013,CA03711,San Diego,1349306,5303,39,316,3492,1456,12,393.02,2.89,23.42,258.8,107.91,CA,1037,1140,1495,2174,2648,1698.8,8.9,60794
447,2013,CA03801,San Francisco,833863,7064,48,161,2653,4202,12,847.14,5.76,19.31,318.16,503.92,CA,1205,1569,1979,2688,3250,2138.2,8.9,60794
448,2013,CA04313,San Jose,992143,3215,38,270,1812,1095,12,324.05,3.83,27.21,182.63,110.37,CA,1160,1357,1730,2440,2766,1890.6,8.9,60794
449,2013,WASPD00,Seattle,642814,3760,18,154,1986,1602,12,584.93,2.8,23.96,308.95,249.22,WA,817,967,1190,1754,2108,1367.2,7,63922
450,2013,FL02902,Tampa,351314,2097,28,78,1411,580,12,596.9,7.97,22.2,401.64,165.09,FL,618,775,972,1297,1553,1043,7.2,48532
451,2013,AZ01003,Tucson,525486,3368,47,216,2103,1002,12,640.93,8.94,41.1,400.2,190.68,AZ,521,651,876,1286,1531,973,7.7,52611
452,2013,OK07205,Tulsa,394498,3827,60,373,2400,994,12,970.09,15.21,94.55,608.37,251.97,OK,486,590,769,1043,1162,810,5.3,46162
453,2013,DCMPD00,Washington,646449,7880,103,393,3724,3660,12,1218.97,15.93,60.79,576.07,566.17,DC,1226,1292,1532,2050,2575,1735,8.5,60057
454,2013,KS08703,"Wichita, KS",386486,3069,15,250,2337,467,12,794.08,3.88,64.69,604.68,120.83,KS,454,562,747,1030,1136,785.8,5.3,47820
455,2014,NM00101,Albuquerque,558874,4934,30,402,3121,1381,12,882.85,5.37,71.93,558.44,247.1,NM,552,693,849,1229,1504,965.4,6.7,46686
456,2014,TX22001,Arlington,382976,1854,13,206,1142,493,12,484.1,3.39,53.79,298.19,128.73,TX,620,725,938,1258,1498,1007.8,5.1,53875
457,2014,GAAPD00,Atlanta,454363,5577,93,151,3004,2329,12,1227.43,20.47,33.23,661.15,512.59,GA,738,805,954,1263,1535,1059,7.1,49555
458,2014,CO00101,Aurora,350948,1430,9,273,734,414,12,407.47,2.56,77.79,209.15,117.97,CO,641,792,1025,1504,1744,1141.2,5,60940
459,2014,TX22701,Austin,903924,3581,32,571,2105,873,12,396.16,3.54,63.17,232.87,96.58,TX,696,853,1074,1454,1762,1167.8,5.1,53875
460,2014,MDBPD00,Baltimore,623513,8346,211,245,4213,3677,12,1338.54,33.84,39.29,675.69,589.72,MD,847,1001,1252,1599,1741,1288,5.8,76165
461,2014,MA01301,Boston,654413,4749,53,280,2736,1680,12,725.69,8.1,42.79,418.08,256.72,MA,1134,1267,1582,1970,2142,1619,5.7,63151
462,2014,NY01401,Buffalo,258419,3173,60,173,1663,1277,12,1227.85,23.22,66.95,643.53,494.16,NY,571,607,755,965,1092,798,6.3,54310
463,2014,NC06001,Charlotte,856916,5054,47,210,3211,1586,12,589.79,5.48,24.51,374.72,185.08,NC,663,730,866,1168,1448,975,6.3,46784
464,2014,ILCPD00,Chicago,2724121,24133,415,1388,12530,9800,12,885.9,15.23,50.95,459.96,359.75,IL,775,881,1044,1331,1552,1116.6,7.1,54916
465,2014,OHCLP00,Cleveland,388655,5205,63,495,1655,2992,12,1339.23,16.21,127.36,425.83,769.83,OH,526,632,801,1073,1108,828,5.8,49644
466,2014,OHCOP00,Columbus,830811,4640,85,787,1656,2112,12,558.49,10.23,94.73,199.32,254.21,OH,527,655,852,1098,1270,880.4,5.8,49644
467,2014,TXDPD00,Dallas,1272396,8457,116,781,3704,3856,12,664.65,9.12,61.38,291.1,303.05,TX,644,772,976,1302,1572,1053.2,5.1,53875
468,2014,CODPD00,Denver,665353,4002,31,471,2412,1088,12,601.49,4.66,70.79,362.51,163.52,CO,641,792,1025,1504,1744,1141.2,5,60940
469,2014,MI82349,Detroit,684694,13622,298,557,9194,3573,12,1989.5,43.52,81.35,1342.79,521.84,MI,545,693,904,1206,1317,933,7.2,52005
470,2014,TX07102,El Paso,680273,2671,21,335,1900,415,12,392.64,3.09,49.24,279.3,61,TX,602,658,812,1151,1381,920.8,5.1,53875
471,2014,TX22012,Fort Worth,804907,4492,53,570,2729,1140,12,558.08,6.58,70.82,339.05,141.63,TX,620,725,938,1258,1498,1007.8,5.1,53875
472,2014,CA01005,Fresno,513187,2382,47,53,1501,781,12,464.16,9.16,10.33,292.49,152.19,CA,668,695,878,1234,1440,983,7.5,60487
473,2014,HI00200,Honolulu,994034,2273,19,320,1166,768,4,228.66,1.91,32.19,117.3,77.26,HI,1267,1382,1820,2682,3078,2045.8,4.4,71223
474,2014,TXHPD00,Houston,2219933,22008,242,812,10768,10186,12,991.38,10.9,36.58,485.06,458.84,TX,623,750,926,1264,1563,1025.2,5.1,53875
475,2014,INIPD00,Indianapolis,858238,10768,136,573,6251,3808,12,1254.66,15.85,66.76,728.35,443.7,IN,540,666,828,1104,1288,885.2,6,48060
476,2014,FL01602,Jacksonville,856021,5853,96,479,3859,1419,12,683.74,11.21,55.96,450.81,165.77,FL,671,827,994,1311,1604,1081.4,6.3,46140
477,2014,NV00201,Las Vegas,1530899,12876,122,780,7089,4885,12,841.07,7.97,50.95,463.06,319.09,NV,675,843,1038,1530,1816,1180.4,7.9,49875
478,2014,CA01942,Los Angeles,3906772,19171,260,1126,9836,7949,12,490.71,6.66,28.82,251.77,203.47,CA,977,1181,1524,2061,2296,1607.8,7.5,60487
479,2014,AZ00717,Mesa,462092,2119,13,252,1385,469,12,458.57,2.81,54.53,299.72,101.49,AZ,614,774,957,1410,1647,1080.4,6.8,49254
480,2014,FL01306,Miami,421996,4473,81,110,2492,1790,12,1059.96,19.19,26.07,590.53,424.17,FL,805,980,1255,1722,2012,1354.8,6.3,46140
481,2014,WIMPD00,Milwaukee,600374,8914,86,396,4877,3555,12,1484.74,14.32,65.96,812.33,592.13,WI,557,686,862,1100,1189,878.8,5.4,58080
482,2014,MN02711,Minneapolis,404461,4093,31,389,1802,1871,12,1011.96,7.66,96.18,445.53,462.59,MN,648,806,1008,1419,1676,1111.4,4.2,67244
483,2014,TN01901,Nashville,647689,7289,42,491,5227,1529,12,1125.39,6.48,75.81,807.02,236.07,TN,653,754,902,1199,1287,959,6.6,43716
484,2014,LANPD00,New Orleans,387113,3770,150,244,1906,1470,12,973.88,38.75,63.03,492.36,379.73,LA,688,815,1010,1268,1534,1063,6.4,42406
485,2014,NY03030,New York,8473938,50564,333,2190,31460,16581,12,596.7,3.93,25.84,371.26,195.67,NY,1292,1349,1599,2056,2304,1720,6.3,54310
486,2014,NJNPD00,Newark,279110,3009,94,49,944,1922,12,1078.07,33.68,17.56,338.22,688.62,NJ,1097,1137,1358,1752,2002,1469.2,6.8,65243
487,2014,CA00109,Oakland,409994,6910,80,209,3140,3481,12,1685.39,19.51,50.98,765.86,849.04,CA,1113,1349,1697,2370,2908,1887.4,7.5,60487
488,2014,OK05506,Oklahoma City,617975,4782,45,434,3177,1126,12,773.82,7.28,70.23,514.1,182.21,OK,518,602,770,1054,1265,841.8,4.5,47199
489,2014,FL04804,Orlando,259675,2340,15,167,1538,620,12,901.13,5.78,64.31,592.28,238.76,FL,734,868,1035,1380,1670,1137.4,6.3,46140
490,2014,AZ00723,Phoenix,1529852,8749,114,1006,4677,2952,12,571.89,7.45,65.76,305.72,192.96,AZ,614,774,957,1410,1647,1080.4,6.8,49254
491,2014,PAPPD00,Pittsburgh,307613,2455,69,91,1309,986,12,798.08,22.43,29.58,425.53,320.53,PA,595,682,851,1069,1137,866.8,5.9,55173
492,2014,OR02602,Portland,615672,2911,26,262,1776,847,12,472.82,4.22,42.56,288.47,137.57,OR,700,814,969,1428,1716,1125.4,6.8,58875
493,2014,NC09201,Raleigh,438363,1730,16,82,953,679,5,394.65,3.65,18.71,217.4,154.89,NC,650,760,901,1167,1449,985.4,6.3,46784
494,2014,CA03404,Sacramento,482767,2968,28,78,1862,1000,12,614.79,5.8,16.16,385.69,207.14,CA,717,854,1072,1580,1899,1224.4,7.5,60487
495,2014,UT01803,Salt Lake City,192368,1452,7,223,773,449,12,754.8,3.64,115.92,401.83,233.41,UT,621,745,924,1318,1551,1031.8,3.8,63383
496,2014,TXSPD00,San Antonio,1428465,7704,103,1077,4747,1777,12,539.32,7.21,75.4,332.31,124.4,TX,576,726,912,1189,1304,941.4,5.1,53875
497,2014,CA03711,San Diego,1368690,5214,32,371,3493,1318,12,380.95,2.34,27.11,255.21,96.3,CA,1019,1119,1468,2134,2600,1668,7.5,60487
498,2014,CA03801,San Francisco,850294,6761,45,355,3137,3224,12,795.14,5.29,41.75,368.93,379.16,CA,1307,1701,2146,2915,3524,2318.6,7.5,60487
499,2014,CA04313,San Jose,1009679,3242,32,306,1832,1072,12,321.09,3.17,30.31,181.44,106.17,CA,1190,1392,1775,2503,2837,1939.4,7.5,60487
500,2014,WASPD00,Seattle,663410,4005,26,154,2258,1567,12,603.7,3.92,23.21,340.36,236.2,WA,828,980,1206,1777,2136,1385.4,6.1,59068
501,2014,FL02902,Tampa,357124,2080,28,62,1476,514,12,582.43,7.84,17.36,413.3,143.93,FL,643,806,1011,1349,1616,1085,6.3,46140
502,2014,AZ01003,Tucson,527328,3443,35,399,2021,988,12,652.91,6.64,75.66,383.25,187.36,AZ,507,633,852,1251,1489,946.4,6.8,49254
503,2014,OK07205,Tulsa,399556,3217,46,313,1938,920,12,805.14,11.51,78.34,485.04,230.26,OK,496,603,786,1066,1188,827.8,4.5,47199
504,2014,DCMPD00,Washington,658893,7810,105,470,4004,3231,12,1185.32,15.94,71.33,607.69,490.37,DC,1272,1340,1589,2127,2671,1799.8,7.8,68277
505,2014,KS08703,"Wichita, KS",387493,2939,21,243,2179,496,12,758.47,5.42,62.71,562.33,128,KS,482,596,793,1094,1206,834.2,4.5,53444
506,2015,NM00101,Albuquerque,559721,5406,43,404,3273,1686,,965.84,7.68,72.18,584.76,301.22,NM,543,682,836,1210,1481,950.4,6.5,45119
507,2015,TX22001,Arlington,387565,1946,8,208,1201,529,,502.11,2.06,53.67,309.88,136.49,TX,629,736,953,1278,1522,1023.6,4.4,56473
508,2015,GAAPD00,Atlanta,464710,5203,94,170,2944,1995,,1119.62,20.23,36.58,633.51,429.3,GA,755,824,977,1294,1572,1084.4,6,50768
509,2015,CO00101,Aurora,360237,1660,24,352,837,447,,460.81,6.66,97.71,232.35,124.08,CO,723,893,1156,1696,1967,1287,3.9,66596
510,2015,TX22701,Austin,938728,3497,23,487,2058,929,,372.53,2.45,51.88,219.23,98.96,TX,723,886,1115,1509,1829,1212.4,4.4,56473
511,2015,MDBPD00,Baltimore,621252,9542,344,287,4598,4313,,1535.93,55.37,46.2,740.12,694.24,MD,833,985,1232,1574,1713,1267.4,5.1,73594
512,2015,MA01301,Boston,665258,4702,38,240,2873,1551,,706.79,5.71,36.08,431.86,233.14,MA,1163,1299,1622,2020,2196,1660,4.8,67861
513,2015,NY01401,Buffalo,258096,2887,41,173,1640,1033,,1118.58,15.89,67.03,635.42,400.24,NY,614,652,812,1038,1175,858.2,5.3,58005
514,2015,NC06001,Charlotte,877817,5948,61,216,3724,1947,,677.59,6.95,24.61,424.23,221.8,NC,681,751,890,1200,1488,1002,5.7,50797
515,2015,ILCPD00,Chicago,2728695,24663,478,1432,13104,9649,,903.84,17.52,52.48,480.23,353.61,IL,812,922,1093,1393,1624,1168.8,6,60413
517,2015,OHCOP00,Columbus,847745,4631,77,806,1508,2240,,546.27,9.08,95.08,177.88,264.23,OH,532,662,861,1110,1284,889.8,4.9,53301
518,2015,TXDPD00,Dallas,1301977,9038,136,782,3943,4177,,694.18,10.45,60.06,302.85,320.82,TX,651,780,987,1317,1590,1065,4.4,56473
519,2015,CODPD00,Denver,682418,4599,53,548,2768,1230,,673.93,7.77,80.3,405.62,180.24,CO,723,893,1156,1696,1967,1287,3.9,66596
520,2015,MI82349,Detroit,673225,11846,295,530,7564,3457,,1759.59,43.82,78.73,1123.55,513.5,MI,548,697,909,1212,1324,938,5.4,54203
521,2015,TX07102,El Paso,686077,2515,17,322,1766,410,,366.58,2.48,46.93,257.41,59.76,TX,638,697,861,1220,1464,976,4.4,56473
522,2015,TX22012,Fort Worth,829731,4359,56,516,2806,981,,525.35,6.75,62.19,338.18,118.23,TX,629,736,953,1278,1522,1023.6,4.4,56473
523,2015,CA01005,Fresno,520837,2871,39,167,1653,1012,,551.23,7.49,32.06,317.37,194.3,CA,686,714,901,1266,1477,1008.8,6.2,63636
524,2015,HI00200,Honolulu,999307,2437,15,318,1208,896,,243.87,1.5,31.82,120.88,89.66,HI,1260,1374,1810,2667,3061,2034.4,3.6,64514
525,2015,TXHPD00,Houston,2275221,21994,303,986,10427,10278,,966.68,13.32,43.34,458.29,451.74,TX,640,771,952,1299,1606,1053.6,4.4,56473
526,2015,INIPD00,Indianapolis,863675,11124,148,677,6497,3802,,1287.98,17.14,78.39,752.25,440.21,IN,549,677,842,1123,1310,900.2,4.8,51983
527,2015,FL01602,Jacksonville,867258,5622,97,471,3656,1398,,648.25,11.18,54.31,421.56,161.2,FL,671,827,994,1311,1604,1081.4,5.5,48825
528,2015,NV00201,Las Vegas,1562134,14383,127,1107,8139,5010,,920.73,8.13,70.86,521.02,320.72,NV,669,836,1029,1516,1800,1170,6.8,52008
529,2015,CA01942,Los Angeles,3962726,25156,282,2209,13713,8952,,634.82,7.12,55.74,346.05,225.91,CA,993,1201,1550,2096,2335,1635,6.2,63636
530,2015,AZ00717,Mesa,471034,1972,16,241,1307,408,,418.65,3.4,51.16,277.47,86.62,AZ,620,782,966,1423,1662,1090.6,6.1,52248
531,2015,FL01306,Miami,437969,4473,75,80,2637,1681,,1021.31,17.12,18.27,602.1,383.82,FL,801,976,1250,1715,2004,1349.2,5.5,48825
532,2015,WIMPD00,Milwaukee,600400,9583,145,436,5253,3749,,1596.1,24.15,72.62,874.92,624.42,WI,579,713,896,1143,1236,913.4,4.6,55425
533,2015,MN02711,Minneapolis,413479,4395,47,407,2045,1896,,1062.93,11.37,98.43,494.58,458.55,MN,683,849,1062,1495,1765,1170.8,3.7,68730
534,2015,TN01901,Nashville,658029,7245,72,507,4819,1847,,1101.02,10.94,77.05,732.34,280.69,TN,654,755,903,1200,1288,960,5.6,47330
535,2015,LANPD00,New Orleans,393447,3736,164,409,1666,1497,,949.56,41.68,103.95,423.44,380.48,LA,691,818,1013,1271,1539,1066.4,6.3,45922
536,2015,NY03030,New York,8550861,50088,352,2244,30546,16946,,585.77,4.12,26.24,357.23,198.18,NY,1323,1382,1638,2106,2360,1761.8,5.3,58005
537,2015,NJNPD00,Newark,279110,3072,107,104,1068,1793,,1100.64,38.34,37.26,382.64,642.4,NJ,1103,1143,1365,1761,2012,1476.8,5.8,68357
538,2015,CA00109,Oakland,419481,6051,85,285,2391,3290,,1442.5,20.26,67.94,569.99,784.3,CA,1120,1358,1708,2385,2926,1899.4,6.2,63636
539,2015,OK05506,Oklahoma City,630621,4828,73,480,3083,1192,,765.59,11.58,76.12,488.88,189.02,OK,537,624,798,1092,1311,872.4,4.4,47077
540,2015,FL04804,Orlando,268438,2525,32,182,1789,522,,940.63,11.92,67.8,666.45,194.46,FL,746,882,1052,1403,1697,1156,5.5,48825
541,2015,AZ00723,Phoenix,1559744,9261,112,1016,5113,3020,,593.75,7.18,65.14,327.81,193.62,AZ,620,782,966,1423,1662,1090.6,6.1,52248
542,2015,PAPPD00,Pittsburgh,306870,2167,57,82,1170,858,,706.16,18.57,26.72,381.27,279.6,PA,593,681,849,1066,1135,864.8,5.3,60389
544,2015,NC09201,Raleigh,438363,1676,17,108,873,678,,382.33,3.88,24.64,199.15,154.67,NC,700,818,970,1256,1560,1060.8,5.7,50797
545,2015,CA03404,Sacramento,489717,3611,43,105,2289,1174,,737.36,8.78,21.44,467.41,239.73,CA,726,865,1086,1600,1923,1240,6.2,63636
546,2015,UT01803,Salt Lake City,191992,1642,8,291,874,469,,855.24,4.17,151.57,455.23,244.28,UT,638,766,949,1353,1593,1059.8,3.6,66258
547,2015,TXSPD00,San Antonio,1463586,8594,94,1049,5465,1986,,587.19,6.42,71.67,373.4,135.69,TX,588,742,931,1214,1332,961.4,4.4,56473
548,2015,CA03711,San Diego,1400467,5582,37,566,3601,1378,,398.58,2.64,40.42,257.13,98.4,CA,1049,1153,1512,2198,2678,1718,6.2,63636
549,2015,CA03801,San Francisco,863782,6710,53,344,2703,3610,,776.82,6.14,39.82,312.93,417.93,CA,1378,1794,2263,3074,3717,2445.2,6.2,63636
550,2015,CA04313,San Jose,1031458,3400,30,375,1855,1140,,329.63,2.91,36.36,179.84,110.52,CA,1317,1541,1965,2771,3141,2147,6.2,63636
551,2015,WASPD00,Seattle,683700,4093,23,144,2394,1532,,598.65,3.36,21.06,350.15,224.07,WA,1053,1246,1533,2259,2715,1761.2,5.6,67243
552,2015,FL02902,Tampa,364383,2298,34,77,1516,671,,630.66,9.33,21.13,416.05,184.15,FL,650,815,1022,1364,1633,1096.8,5.5,48825
553,2015,AZ01003,Tucson,529675,3472,31,422,1960,1059,,655.5,5.85,79.67,370.04,199.93,AZ,522,652,877,1288,1532,974.2,6.1,52248
554,2015,OK07205,Tulsa,401520,3628,55,365,2354,854,,903.57,13.7,90.9,586.27,212.69,OK,526,639,833,1130,1259,877.4,4.4,47077
555,2015,DCMPD00,Washington,672228,8084,162,494,4024,3404,,1202.57,24.1,73.49,598.61,506.38,DC,1260,1328,1574,2107,2646,1783,6.9,70071
556,2015,KS08703,"Wichita, KS",389824,3839,27,349,2730,733,,984.8,6.93,89.53,700.32,188.03,KS,471,583,775,1069,1178,815.2,4.2,54865
